time_s,left_phase_mean,right_phase_mean,left_force_mean_N,left_force_sem_N,right_force_mean_N,right_force_sem_N,center_mean_m,center_sem_m
0.0,0.0,0.0,-6.92993606284801,1.0992066732550276e-15,6.92993606284801,1.0992066732550276e-15,0.0,0.0
0.2,0.6474538783887767,0.21887051326882115,-8.06923650614101,0.054003961947611964,7.76024757938483,0.044682452955423245,-2.895025464377693e-05,2.0555268110272314e-05
0.4,1.2847825236125874,0.4291146342476664,-9.702284991899301,0.1208764671079835,8.757426341413655,0.09039615183810104,-0.0007540696868696853,0.0001304681412901494
0.6000000000000001,1.925126938802318,0.6427752139550572,-10.940323334934522,0.17086359925857023,9.827976153001845,0.1352841028639622,-0.003204852701434569,0.00036382319508867014
0.8,2.5730658475538997,0.855847435872741,-11.103325540063492,0.17855260125429456,10.911316185542741,0.17060405553248978,-0.006474744161877417,0.0006220787758201586
1.0,-3.0705607860354243,1.0686875028644418,-10.217206225173545,0.1420317598724526,11.950366733867348,0.18567258360507727,-0.0066423954758125636,0.0006711749594693988
1.2000000000000002,-2.427185616172824,1.2875278957494083,-9.49141813359687,0.07400394593956099,12.869022175990844,0.18199726281230935,-0.0055951722064075645,0.0006783413755121117
1.4000000000000001,-1.7884280986069152,1.4996771105165514,-9.090380051198037,0.028746880508355093,13.602871702884704,0.16152930926964176,-0.0029642878425016,0.0006840280807859863
1.6,-1.154439064888612,1.7177877317173569,-8.832832929124047,0.10465646271704801,14.091473219651723,0.12983109880385155,0.0017604990240471397,0.0007043464874124384
1.8,-0.5096849047975668,1.9299021599055761,-8.569437706757085,0.1432996534041649,14.295036049125503,0.09225632304254532,0.008683973263230265,0.0007963656699456135
2.0,0.1289579365603164,2.1507023825849996,-8.519342768856871,0.11540416327604561,14.194052561068201,0.06216537946014504,0.017566856661882634,0.0009852602372186791
2.2,0.7634678983434307,2.3655386292840297,-9.446182274682112,0.049505400830767016,13.77032935727558,0.06877189477181708,0.027038852735874874,0.0011782607598668086
2.4000000000000004,1.4080738684981755,2.581290986123795,-10.785014554717986,0.07423028465659588,13.05801467193742,0.10728613023896266,0.03374019020160626,0.0012422378435567388
2.6,2.0523822898123303,2.8039790409892724,-11.63781573576809,0.12597957520117367,12.122825026484723,0.1456468243473577,0.0361380586986089,0.0011099250564530474
2.8000000000000003,2.689564982857426,3.0192300425600562,-11.39919562193262,0.13703865756701974,11.12689519133989,0.1674172349372646,0.03696221837501233,0.0008888536833920068
3.0,-2.952104068817247,-3.051932217351738,-10.368159590065265,0.10813314288046766,10.256020655108832,0.17486237786846962,0.03764808136774832,0.0006950088543744279
3.2,-2.3125075509545354,-2.8389129607215873,-9.614661099005218,0.0479319322765165,9.540901320622758,0.16881768843157838,0.03829753510943397,0.000683111386780699
3.4000000000000004,-1.6714924998965512,-2.62227328343409,-9.187146086218867,0.05076174109213831,8.950390657304938,0.14979908277316753,0.03850996320934507,0.0008117453025330408
3.6,-1.0329805549780486,-2.4073299538100232,-8.902517228626506,0.12193366909826008,8.463611678283193,0.12180126557076336,0.03810549436239498,0.0008793536078047242
3.8000000000000003,-0.40076711944185,-2.1936721314302186,-8.620414368341702,0.15423452831956178,8.077909608262047,0.09283203404029748,0.03754489362988295,0.0008862492118433953
4.0,0.2469460369092137,-1.9772976650826242,-8.74398690168377,0.1162324210055892,7.785649595795694,0.0692332039901947,0.037013685849403184,0.0008733482549108774
4.2,0.883389847651321,-1.7596179371490543,-9.79989620999198,0.05495355088899341,7.567723840905441,0.0516014876948342,0.03617152407016978,0.0008678832192147883
4.4,1.5286989443381482,-1.5377539799453874,-11.078945413965553,0.08362662277051376,7.405297540933107,0.03846006509675974,0.03446589684620392,0.0008900374991393868
4.6000000000000005,2.169845314719062,-1.322189099221328,-11.72062313456892,0.12599896907304298,7.28423657254969,0.028665386858508633,0.031205725552864605,0.0009616509373000297
4.800000000000001,2.8180985672316976,-1.1067141685296427,-11.228698327394758,0.12977125665014755,7.194006369261014,0.021365132941940562,0.026504391419873773,0.0010849009977319875
5.0,-2.821901625029113,-0.8977122109585702,-10.200579783224194,0.09892032690968285,7.126755217265179,0.015924044837765706,0.021889795209906894,0.0012101201504332517
5.2,-2.1802915220318253,-0.6822042872728732,-9.501352712140854,0.04223507452512205,7.077007235583814,0.011844720975552435,0.018852082556841603,0.001288273521668878
5.4,-1.5314125919529986,-0.4668207456889404,-9.10645001944678,0.062385548227770066,7.069982894273404,0.01087104698702596,0.0167713962928727,0.0013199039370066989
5.6000000000000005,-0.8890632969705875,-0.2514826589727857,-8.83506234002091,0.1275606915417381,7.1883809843437545,0.03210410754026311,0.015107103685375507,0.0012854968924905976
5.800000000000001,-0.24893054981520923,-0.035783429960862236,-8.602461444850963,0.15041033168245277,7.521337580527178,0.06991718619965484,0.013843264761193647,0.001167146752340232
6.0,0.38882586758168586,0.17917404299977982,-8.976891824143472,0.10503746092195546,8.113098752827664,0.1107510101719142,0.012826101997791037,0.0010057782429425818
6.2,1.0325743751597636,0.3928473890305083,-10.140729303567946,0.06748893107863962,8.92542734896484,0.1478824004922737,0.011938697799426794,0.0008882394337922709
6.4,1.6816163986585924,0.607507616143486,-11.301328741679654,0.09852580895120723,9.875322649037724,0.17777900812166061,0.010870337513105892,0.0008461563414225192
6.6000000000000005,2.3232203115250365,0.8213584266331647,-11.663578385716997,0.12754915773848785,10.880643687324035,0.19753234535432296,0.009381561025429776,0.0008685923011545314
6.800000000000001,2.9675242987304076,1.0335367092057774,-10.965027303960873,0.1279215315308569,11.857735102654532,0.2045183201508856,0.00837350511661436,0.0009347803550922389
7.0,-2.6714957551932317,1.2459013941098145,-10.003733318116883,0.09412217402670812,12.728181112059854,0.1980814344157401,0.009259155358476368,0.000991508565286515
7.2,-2.0349362633918595,1.4578705481935417,-9.379861725416445,0.04419434234208945,13.435861594193781,0.1779564160108961,0.011974951876178783,0.0010433668313803597
7.4,-1.392322816920017,1.6658342937746338,-9.02408244190425,0.07861625168039583,13.926400937681148,0.14774247379828026,0.0163804321154561,0.0010940131402834364
7.6000000000000005,-0.756558391584366,1.88429970579099,-8.764549483086295,0.1353762010640997,14.15939502869415,0.11566069072589012,0.022544779024022764,0.0011616867596203095
7.800000000000001,-0.10659304726028597,2.0980364214519387,-8.645088510660127,0.14522133551068842,14.103327096514434,0.09592778142838805,0.0304868668012512,0.0012737707779049193
8.0,0.5378037293146186,2.3141379023025794,-9.237082676634092,0.10368021118829672,13.749634126332282,0.10729326197297039,0.039288751005109736,0.0013832151818361723
8.200000000000001,1.180141040302701,2.523731569250269,-10.436259266265598,0.08509110481534753,13.139268992994204,0.13960569017258254,0.046340146216099394,0.0013944635193014069
8.4,1.8203862103075616,2.7373765596174233,-11.441224149903437,0.10761903452029384,12.326365963645374,0.16985595947689344,0.04980619811661767,0.0013148581850691806
8.6,2.4628957802376577,2.953382759785629,-11.553888433903591,0.12917206074260434,11.415097458582407,0.1884186940185784,0.05093142541864398,0.0011799968307507293
8.8,3.1086088673420873,-3.120178542828081,-10.75400412232224,0.12549124870932035,10.549107902102016,0.19402953292686725,0.05147972262864797,0.001054082365664346
9.0,-2.5341876648712596,-2.905107857585023,-9.863062049046807,0.08551717297741586,9.795209559682267,0.18720276815562065,0.052044956309626286,0.0010168587114015104
9.200000000000001,-1.8895930198260777,-2.6912384886029366,-9.31093068237065,0.0486500935783915,9.168423155970247,0.17090778995267458,0.052438658338552616,0.0010858863707440545
9.4,-1.2477443864718547,-2.4767300129958825,-8.982562450046093,0.09717814988150973,8.654286354380943,0.14832741677678377,0.052340638293610964,0.0011595427635362366
9.600000000000001,-0.6053601084751231,-2.265069384786044,-8.728281555403083,0.14140235354471992,8.243811114525563,0.123626589627441,0.05191596196145572,0.001184319167447538
9.8,0.03897690135022882,-2.050932164068163,-8.748096751310896,0.13445198002962508,7.92136225926844,0.09864855285299788,0.05141797334918572,0.0011805885912997984
10.0,0.6790105019237745,-1.8463142540416337,-9.480894974480464,0.10538566439783804,7.672780683082645,0.075864121666965,0.050684703890004526,0.0011743144913197179
10.200000000000001,1.3175824275882684,-1.630982821254738,-10.659750620344756,0.1024553115469499,7.483629999536321,0.05656261270438557,0.04924819446387869,0.0011907134665285104
10.4,1.9602783637430323,-1.410090693340393,-11.480992331471843,0.11616300232269969,7.342619995037144,0.04215773350409159,0.04651482935997777,0.0012549517333165154
10.600000000000001,2.5997501139563535,-1.1927667935150077,-11.375674445649734,0.13512078979628586,7.237521204389767,0.03142136491273142,0.04236981855850904,0.0013661880563957632
10.8,-3.0292972391755817,-0.9808263231548738,-10.542592478920549,0.12596005747713934,7.16126218147493,0.023323162366185108,0.03780839139758039,0.0014787394073961214
11.0,-2.39150368240385,-0.7627089824159017,-9.726452486332416,0.08265796428849093,7.114410026068235,0.019686141792821934,0.03423672580467757,0.0015554211557081445
11.200000000000001,-1.7437608038104266,-0.5529527618091508,-9.230672168204187,0.06070085354013831,7.115277419092654,0.027805800137721066,0.03186004457208734,0.0015913303870610962
11.4,-1.0977904505896074,-0.3363088024026765,-8.922217168292635,0.10945014769796893,7.21923145285042,0.04984987609554917,0.030116704919679244,0.0015761702562372701
11.600000000000001,-0.45800302095353224,-0.11994470465097576,-8.728132800982456,0.1414856767764764,7.496183786786366,0.08423937349376316,0.028765899580725823,0.0014912479806137614
11.8,0.18274496457874836,0.09260347122170601,-8.916508186954275,0.1317449013876496,7.996956850300977,0.12419768979177814,0.027689418667394862,0.0013543392260937002
12.0,0.8267987193447494,0.3081249639720524,-9.783652007808461,0.11428209019766632,8.711875536145298,0.1633868124573613,0.026766722124819193,0.0012251224218618791
12.200000000000001,1.4706199945666185,0.523955243143642,-10.890835880338287,0.10969665206690635,9.578112217667176,0.19671279276278772,0.025777096942776995,0.001150732405153763
12.4,2.1167473555181586,0.7447945533691972,-11.475301143583648,0.11869052257872731,10.526445515448424,0.22008281468602575,0.02449055828701057,0.0011297697824548193
12.600000000000001,2.7634113454290192,0.9555563877359865,-11.167797312496244,0.13780801364056244,11.464517883148122,0.2314831756221547,0.023429792003555484,0.0011528461717824567
12.8,-2.880553813359511,1.1675091946140923,-10.314177805012351,0.12320870622840895,12.32512948622995,0.22850328112938503,0.02364862789946059,0.001201885931686648
13.0,-2.237486327219356,1.387128758926927,-9.574362227430736,0.07753881311813579,13.055360692351275,0.21057005723488864,0.025690683003249608,0.001255742420898878
13.200000000000001,-1.5953595148150497,1.6010425725880673,-9.136422506756027,0.07127676424268056,13.591672469287563,0.18169231458787796,0.02943704882667303,0.0013117002363781255
13.4,-0.9538485637472838,1.8158479433622572,-8.867391456889312,0.121234314680801,13.88758976540415,0.14875659566766714,0.034855420185814244,0.001391349878238328
13.600000000000001,-0.3156033071947358,2.0339369385732304,-8.786817808333012,0.14376718615436043,13.92249706889531,0.12270438051336774,0.04188051056614571,0.0015155076779835184
13.8,0.32749720863412984,2.2427017794224664,-9.12713940070267,0.13516544117383517,13.686116100941561,0.12184583204476199,0.04978211215073438,0.0016232505268102047
14.0,0.974128851191242,2.457224367349942,-10.028171182106695,0.12904269437493485,13.192758396181251,0.14832746312369505,0.05678524512352902,0.0016265878834182137
14.200000000000001,1.6163186112122496,2.6646022716015985,-11.011153632021422,0.11619914727372205,12.502131206405119,0.18209815327054196,0.061284400517950685,0.0015588162070276578
14.4,2.255522674074922,2.877534248632764,-11.385300634192438,0.12159272714907503,11.68755597327757,0.2080934960637337,0.06328166803174622,0.001445491437350757
14.600000000000001,2.8912611832306574,3.095123261602645,-10.971681926164363,0.14156925838394507,10.870976748436984,0.22003707783446944,0.0641278256978764,0.0013320349094847913
14.8,-2.7518187841375266,-2.972638983964374,-10.149062274764951,0.12509239337497266,10.120626677044335,0.2168617812234622,0.0647561657215807,0.001278488350645692
15.0,-2.1144972284861066,-2.753642046541821,-9.475923408299728,0.07849408336095434,9.464506127353578,0.20083462219471634,0.06533236822612279,0.0013250137277606234
15.200000000000001,-1.4747361813566764,-2.5334941391732384,-9.080327282822665,0.0839113229100316,8.908414262200642,0.17596724109610826,0.06558247163739311,0.001410697184245603
15.4,-0.8323461584399212,-2.3181757272836405,-8.860221775412542,0.12868943663973026,8.444827871339173,0.14470038018201745,0.065393621343082,0.0014436587526474429
15.600000000000001,-0.18273688448174638,-2.097060426502434,-8.890008870694023,0.14492091069419824,8.06949487188048,0.11209200202663928,0.06500174158813186,0.0014418627325603881
15.8,0.4562751476513644,-1.8796773404621843,-9.350155310344213,0.14014760774452062,7.780393154103924,0.0840523119491147,0.06434578110902266,0.00143764724939023
16.0,1.0999364631237485,-1.6683400797419559,-10.254555938805956,0.13577774883718383,7.56418931084216,0.06260625819878464,0.06307279214957338,0.0014572681874036367
16.2,1.7409895972916898,-1.4610583725092776,-11.079581722255128,0.11915719431212392,7.408329914858638,0.04642278124049559,0.06072107385406152,0.001522875576747691
16.400000000000002,2.383436269150863,-1.2447403095643859,-11.27622783741459,0.12838759198803865,7.296954887496915,0.036332642344236464,0.05718010684311896,0.00162148836449169
16.6,3.026497439767449,-1.0338397260147025,-10.772713272079622,0.14432073688924638,7.220548156161222,0.03532202290288383,0.05302710344992086,0.0017060606585579854
16.8,-2.6158168902643757,-0.8181033672230508,-9.965495917581471,0.12160762966202937,7.174338999124255,0.04387926136656082,0.049273249354989765,0.0017512443145285522
17.0,-1.9746539053176801,-0.599197022900501,-9.353861091883738,0.0797602043661278,7.185737821347734,0.05806684474679301,0.0465450107978133,0.0017733084397052205
17.2,-1.3390491006624832,-0.390277059154667,-9.001303160519733,0.09275696799363259,7.299122860029944,0.07985449952920605,0.044697124549461904,0.0017645086073446413
17.400000000000002,-0.6965426197168127,-0.17268170812095693,-8.856650712457313,0.13083604482395586,7.564849174582115,0.1112283644060556,0.04334283217047617,0.001700652872124935
17.6,-0.056563728040075256,0.045364657444620836,-8.995914762028562,0.1470434947336528,8.022051220844023,0.149394425259318,0.04226530677657865,0.0015832108635755173
17.8,0.5864165872985267,0.2625338960118276,-9.543138368637134,0.1493291247690374,8.65322192273499,0.18994213665625775,0.04132809877133646,0.0014556355020046128
18.0,1.2319458231316234,0.4778598802100589,-10.45635510449343,0.13291133937259234,9.426290783163887,0.22434067780700345,0.04045412931374763,0.0013836242965596156
18.2,1.8797944020741197,0.6869746582996848,-11.159617214757988,0.11221939572946306,10.274820212695362,0.24818757875607497,0.03954182070023987,0.0013758631831001613
18.400000000000002,2.52115029257733,0.8993813320351067,-11.206877330335374,0.13306846779438833,11.134987308281016,0.2586708713568989,0.038750602924472584,0.00140310536011509
18.6,-3.1234056249267774,1.1110940012679353,-10.619087888428963,0.14525020426149315,11.951868223584908,0.2536169804488508,0.03871486161457537,0.0014575137115363417
18.8,-2.4800987183439975,1.3245097746786818,-9.824523805194312,0.11332440717718187,12.666987579284413,0.2347451324473055,0.040177471954325035,0.0015387281673182181
19.0,-1.8396225899470349,1.5365615034255669,-9.275063730666089,0.07763276337524463,13.21800354889677,0.20530865022750253,0.0432889179851372,0.0016314848484184907
19.200000000000003,-1.1954452129806594,1.752462570129964,-8.97775848850702,0.10315446565716828,13.563937548907964,0.17213114191950715,0.047954668625423025,0.0017371735346060574
19.400000000000002,-0.5576467429133452,1.9626128130182128,-8.916415960607324,0.13833724146189313,13.675317028329477,0.14868323485395837,0.053981628302195016,0.0018463625438279096
19.6,0.08290956311354322,2.175916827205943,-9.141691632477942,0.1524939863420825,13.531802922432183,0.15170378218568084,0.060785012866443576,0.0019030868123026121
19.8,0.7301596461402037,2.396347046394035,-9.753511118807989,0.15538539914896646,13.149107274132794,0.17756412197472768,0.06733692964297242,0.0018645154214571437
20.0,1.3662250575016024,2.6136619920670334,-10.600547849454978,0.1340478685899292,12.585373602070506,0.2083579075006424,0.07246332155908126,0.0017895722542518185
20.200000000000003,2.0143180425373814,2.8284790945834697,-11.146684338874367,0.11652006900620265,11.903227067064346,0.23123676843919483,0.07539955095153007,0.0016955998177643453
20.400000000000002,2.6454929425831573,3.051565462218655,-11.071481067304058,0.14046573042768992,11.153020873998086,0.24177225956833126,0.07665366819618555,0.001590052043263425
20.6,-2.995885444747128,-3.014728572914559,-10.447939127401932,0.14810458609568358,10.415897848672213,0.23930533827743455,0.0773307020382171,0.0015136914870878993
20.8,-2.358572529106198,-2.8008519891109596,-9.708209121388668,0.11098237190145582,9.74667647913719,0.22530798206697467,0.07798004078054091,0.0015092008370561996
21.0,-1.7198830283946662,-2.583206359667736,-9.218919943988302,0.08337098622730407,9.164780955784506,0.20197710157218907,0.07853010415609618,0.0015760409666159213
21.200000000000003,-1.079934517133153,-2.3731029360251137,-8.993296767101132,0.11188865818933652,8.663688482187222,0.17100643753700845,0.07861552716382561,0.0016212420463843956
21.400000000000002,-0.43611885367891295,-2.164921664698632,-9.014864203630285,0.14497275606265111,8.249711610968996,0.13746667181521807,0.07832242647701892,0.0016162617743793197
21.6,0.2165063649695953,-1.9542103592445579,-9.312418648106924,0.15947543894423227,7.92234161695838,0.10617338566671256,0.07774887416488421,0.001608026276094432
21.8,0.849085192590395,-1.7396007556730968,-9.92904063923863,0.159882780593358,7.6761845655092795,0.07950391712902434,0.07662466865460013,0.001627474048444283
22.0,1.495146831703359,-1.527329999652135,-10.662412909160082,0.13146745129615237,7.496532929087159,0.059715189175869064,0.07460974410473349,0.0016959278856488803
22.200000000000003,2.1346032696220165,-1.3130864446171262,-11.078029680834039,0.12062022150096664,7.368875326279659,0.04926477527519202,0.0716243126778669,0.0017953566129752679
22.400000000000002,2.773889109465926,-1.1034480575571304,-10.918162956162154,0.14876354040273188,7.289891420948166,0.0490449595120314,0.06792695776570386,0.00187707712251993
22.6,-2.8676138905504858,-0.8900413590692381,-10.2902113996262,0.1496902935232773,7.26754646036577,0.0591113791474906,0.06414200419423181,0.0019110733370246164
22.8,-2.226999560326771,-0.671958769547644,-9.610166323008357,0.1112914885990625,7.319474039132044,0.07908621891620597,0.06104087439155829,0.0019118808636119108
23.0,-1.5885657775462076,-0.4568122807624526,-9.172045226965949,0.09331678234150363,7.467045734594653,0.1090579795779973,0.05894419595828347,0.001891616787467162
23.200000000000003,-0.9524302693001566,-0.2480529073945784,-9.019110252935581,0.11968967858347312,7.721797671531943,0.147492210694819,0.05752111330744417,0.001830390222832728
23.400000000000002,-0.3127735384171557,-0.0292725216893705,-9.120955689645532,0.15014144243780736,8.105159257877744,0.1878636301068154,0.056433363633139035,0.0017203944185898911
23.6,0.32724112419133555,0.18952955963809628,-9.475039284927972,0.16622604256689352,8.639750360076807,0.2248402398893998,0.05555850774342128,0.0015875128575663327
23.8,0.9685033985883803,0.39904446767809243,-10.077424846089986,0.1603784454111703,9.296094520214181,0.2554609240930457,0.05484634865828569,0.0014979938173867976
24.0,1.6121169488613936,0.615965708772077,-10.72289477862212,0.13195381461845218,10.032387590207591,0.2759040455913633,0.054266096359924854,0.0014860476632899877
24.200000000000003,2.258698298601446,0.8306619110016972,-11.015435678047421,0.12729147510967073,10.814755665799359,0.28169956364720605,0.05378805734034352,0.0015266843574516945
24.400000000000002,2.895508234440065,1.041832438901142,-10.773386301655467,0.15271520997371707,11.5715095963041,0.27378956816177025,0.05371183742147008,0.0015966898328725475
24.6,-2.739616610458745,1.2619979661942782,-10.129977647218045,0.14528642109437226,12.244254381850867,0.2539776895257526,0.054593575917633044,0.0017044851152688298
24.8,-2.0989893758973173,1.4730663960604096,-9.492286907682104,0.10849787457570965,12.784528826448206,0.22793219153575042,0.056941815292496326,0.001831742387997874
25.0,-1.4610575653898599,1.6839266010403244,-9.129793593063418,0.09563242203928259,13.157969345722043,0.2024749219808155,0.060837170444437816,0.001966072042310044
25.200000000000003,-0.8205245935978224,1.89912332881967,-9.044062525868329,0.12436287088636498,13.335139507230048,0.18745188209706773,0.06594611888379762,0.002079429697835657
25.400000000000002,-0.17632486584688845,2.1173133655775334,-9.223373311017165,0.15476238721350521,13.298437442443554,0.18972325479049507,0.07174980620171136,0.002128233877838162
25.6,0.4655581627994773,2.33297513991064,-9.616097844871977,0.17084902461523652,13.053481083283907,0.2056896382487718,0.07765459468814773,0.0021043040095136125
25.8,1.1065218582624605,2.5445522361076076,-10.215872516987265,0.15633874266418762,12.626717313142654,0.22705421159769998,0.08285474551673222,0.0020239400991054124
26.0,1.7498911267782753,2.75863450979555,-10.775504261128047,0.12891104271900625,12.058512747013243,0.24566983214155005,0.08650149292330009,0.0019226072150489784
26.200000000000003,2.385038821920576,2.973533554268227,-10.954125047603464,0.135361440873837,11.39701219726281,0.25667727959795744,0.08846926964339752,0.0018162396205391117
26.400000000000002,3.0235045660239983,-3.0946132039628935,-10.64018013801701,0.15735759617840786,10.71211612504508,0.25801658945667283,0.08949496588595073,0.0017351319143404807
26.6,-2.6235042100501635,-2.8812772584330166,-9.994472443762191,0.14575676545087737,10.059685055835129,0.24974282213653282,0.09023723091495323,0.0017027376569107207
26.8,-1.9802649196355318,-2.6755055144854105,-9.421804763986932,0.11099969233672029,9.473246301589388,0.23328143495585973,0.09092260785293577,0.0017231232554688206
27.0,-1.345532894711643,-2.4552541462821837,-9.140460279505351,0.10069733202542606,8.956442616693659,0.2091818672958645,0.09134461987676222,0.0017649337267327961
27.200000000000003,-0.7043795233640723,-2.248444603640781,-9.141966952364937,0.13347698648932121,8.519784318099848,0.18107603774594233,0.0913236628459526,0.0017816906793236041
27.400000000000002,-0.058155628732379554,-2.039395804112288,-9.34659994041418,0.16428547673887922,8.152322346655255,0.14917216728663424,0.09088369357112258,0.0017791986393337444
27.6,0.5750023710688752,-1.8291444723513384,-9.719733474237724,0.17287983200285056,7.860572674454319,0.11786939827144792,0.08996242093336278,0.0017997959314092198
27.8,1.210546127410304,-1.6144206776102188,-10.264748154593608,0.148658552815948,7.639089819556493,0.09027405942306989,0.08834040534505208,0.0018693047492717844
28.0,1.8448262484401479,-1.3884467542791905,-10.76219820212938,0.12741841445389035,7.477556923439896,0.07068712520893178,0.08591277524036087,0.0019742596107013947
28.200000000000003,2.473776500233838,-1.1732685213716711,-10.88861718450776,0.1453552097029187,7.379144243637313,0.06268862565771564,0.08276137107071826,0.0020695907673189164
28.400000000000002,3.116808319730396,-0.9576776075509413,-10.529529204120253,0.16332048071326827,7.351971851341183,0.06811027400622548,0.07923179677388706,0.0021188901765232964
28.6,-2.5294133123339586,-0.7442743850652838,-9.886484681094561,0.14293707879274678,7.3955058058872565,0.08717189832994585,0.07595217656663324,0.0021244674495612312
28.8,-1.8976806493569938,-0.5286436226761819,-9.375179129865767,0.10693774081145926,7.535663753330093,0.1160590848843694,0.07349326042781115,0.0021032256405379025
29.0,-1.2519987047627046,-0.3259618766061555,-9.169519760976005,0.10706784079622,7.767519458847677,0.1523794969537259,0.07186423440963977,0.0020568979826689855
29.200000000000003,-0.6119018960252499,-0.11843717669694048,-9.221570392383374,0.14463112526961575,8.113220722248666,0.19170661340216477,0.07068710986184222,0.001971074728509361
29.400000000000002,0.03004909663618808,0.0936911466288725,-9.447220225613039,0.16994910123786272,8.575084871723833,0.2299147634202633,0.06974438088821984,0.0018543030220493984
29.6,0.6723376791911929,0.30924161269957223,-9.816318476642234,0.17134314680896373,9.151165799018766,0.26346686518174267,0.0690004657330239,0.0017604844094394098
29.8,1.3108740576719002,0.5252464571405843,-10.3278175196096,0.1475040464245394,9.811916385795907,0.28839765434995507,0.0685352860258409,0.0017258521998149434
30.0,1.9521703340063907,0.7328354299977783,-10.736077751392783,0.1283108398627044,10.513452415412342,0.3011811814395371,0.06827167456460022,0.0017350664753673923
30.200000000000003,2.596875640069238,0.9431352227026458,-10.777416828370109,0.1483408587329854,11.198945985360417,0.30202900912536,0.06830404792985142,0.0017731122361557478
30.400000000000002,-3.0460471160575384,1.1583398086363217,-10.36766329097896,0.16409109396198632,11.83828347546646,0.29108387950463976,0.06891783017278838,0.0018559628474212257
30.6,-2.4117723128286626,1.3823113926092445,-9.741557249936028,0.13745856087734337,12.385568472233409,0.2675729990481373,0.0706848024159545,0.0019832441435748507
30.8,-1.782611190021606,1.5994599377636871,-9.315236100018783,0.10057352414545083,12.782640898385134,0.23791918201205012,0.07393662171673415,0.0021306430192465625
31.0,-1.135873141467368,1.812005460837225,-9.192122887202071,0.1159074559430942,12.989915534795319,0.21312410444050278,0.0783320313868762,0.0022592177872685464
31.200000000000003,-0.5041109013570682,2.024546946125585,-9.315507494249784,0.15446718342493826,13.013039439045093,0.2030004225098186,0.08319832462353947,0.002305045274992958
31.400000000000002,0.13460794935720125,2.2326508383140014,-9.553508233070607,0.17498403840866522,12.862939085792144,0.20864708623954753,0.08820493480622185,0.0022658783706411365
31.6,0.7686957186141377,2.4406877147421437,-9.897661292375258,0.17154215055871702,12.549598945240659,0.2275505291145098,0.09300957689902636,0.0021460086729061622
31.8,1.404052737585383,2.6539079867883233,-10.369538468842695,0.14411174515519223,12.103864000088763,0.24985198425614008,0.0970182426059972,0.0020087666836600695
32.0,2.043230311075695,2.873321521663842,-10.711482097774038,0.12810242887461865,11.566637853795,0.26667903304419005,0.09960568459669605,0.0018859805561835536
32.2,2.679068100718164,3.0944871936477982,-10.70414138781445,0.15536390527804292,10.976874818068982,0.27448667037033886,0.10094544971189914,0.0017919992683035424
32.4,-2.9585915417508324,-2.9803855195299365,-10.27689072741751,0.16988299922296898,10.377027679832764,0.2726338418986807,0.10181514573238253,0.0017447124231604579
32.6,-2.3171116982426216,-2.7663110419154715,-9.677780666976043,0.1388331114125089,9.804700263177851,0.26141227050204735,0.10258973804394045,0.0017531358447314743
32.800000000000004,-1.684990103087235,-2.548739557418566,-9.305298645044761,0.10119174715480506,9.28380539548591,0.24201334723350176,0.10325630295895039,0.0018090209045493134
33.0,-1.0595351970860902,-2.339961924588222,-9.24606727123329,0.12325895641141314,8.815929831632559,0.21572597406216207,0.10355840617559767,0.0018518757318121157
33.2,-0.43162313968188193,-2.1225063602621854,-9.418408456362403,0.15991316028324334,8.411982525187714,0.18458442473512318,0.10337581043020513,0.00187471062315928
33.4,0.20650666129080797,-1.9093015135432845,-9.658027277225916,0.17734478102257226,8.08037543994852,0.15228454901565955,0.102668026525809,0.0018972150243822816
33.6,0.8440096075315806,-1.694221002469402,-9.962662524104468,0.1718526994437092,7.820537813070163,0.1233246402419799,0.10134172734061575,0.0019458646848860464
33.800000000000004,1.4798563678750467,-1.477239640746904,-10.363196168580595,0.14111117146905452,7.627015717292208,0.10035669851384768,0.09939156352163499,0.0020280652401108057
34.0,2.1103789327821825,-1.2585159379746977,-10.64744031631847,0.13094083852371077,7.49720120736585,0.08654209038364637,0.0968199153912746,0.0021152914576113694
34.2,2.7494199849478322,-1.0493130939598196,-10.604824770274794,0.1603459820121994,7.443777099621402,0.08554812693770651,0.09382905423014601,0.002176844908633444
34.4,-2.8872686508786773,-0.8314543892370724,-10.16298655107625,0.17068787477343186,7.4687047534714655,0.0996145879710281,0.09070206211672148,0.0022066690657829018
34.6,-2.257139220882308,-0.6117903378243438,-9.612281895421706,0.13403942500572258,7.577874238091816,0.1259375615998161,0.0879280386065698,0.0022171303568013613
34.800000000000004,-1.6276018084878625,-0.400657380830957,-9.301227909729938,0.10506069617157762,7.798046423388532,0.15944238434156713,0.08595594890077207,0.002212262170669627
35.0,-0.9877552581842298,-0.19700953154581885,-9.305426072210228,0.1323141966082486,8.116851215045536,0.19628836895977236,0.08469704247692858,0.0021774325368360964
35.2,-0.35109646623193824,0.02588266574782966,-9.501584804637599,0.16627083560460795,8.526280420122585,0.2342359717550557,0.0837459374655718,0.002113550784620389
35.4,0.28045802606965603,0.24072380433105067,-9.7297773075123,0.18007419364600688,9.021424547655363,0.26793160665391136,0.08294095623942041,0.002049557664124454
35.6,0.9251651825849978,0.453851639438232,-10.027322968049702,0.16871621620340846,9.613215225688574,0.2908657634640231,0.08238237107670895,0.0020150953941849535
35.800000000000004,1.5788918903939773,0.6684445178451249,-10.396288533284572,0.13276198419090782,10.253305629237365,0.30245413976930463,0.08211528395726532,0.002012062465049924
36.0,2.2075294779270864,0.8782642068768696,-10.628974778644807,0.13286856453572726,10.900712561556668,0.30365355662130217,0.08218719714673332,0.0020328919812008127
36.2,2.8362183919822166,1.0894202022614128,-10.51585738003534,0.16435647843734286,11.499066011202007,0.2955218711032746,0.08269091541305945,0.002089449386292432
36.4,-2.8080304366269,1.3003390036124607,-10.043878175410246,0.16931051931254426,12.016468920408643,0.27844119588310456,0.08394520541390453,0.0022007878649976695
36.6,-2.1632889055245577,1.50990749957589,-9.53077624964226,0.1281001364970261,12.410204837600526,0.2586829722529211,0.0863907921073043,0.0023354155685873157
36.800000000000004,-1.5296751265783677,1.7239942973237188,-9.299933593665681,0.10694314536145755,12.660257173436392,0.24157887258259636,0.08997934463406206,0.0024496959272530313
37.0,-0.8861893490005474,1.9371690652305338,-9.38704168561635,0.13749393003492014,12.768829923820308,0.2324373249215451,0.094160208587959,0.002476724134717722
37.2,-0.24961831971407183,2.147999831049577,-9.600592144128374,0.1716640659108821,12.732883710234102,0.23317466853639368,0.09855113453647589,0.0024093739473317927
37.4,0.38663632834598677,2.362555415685571,-9.811778573731907,0.17882455791042592,12.539749845542751,0.2446548686192018,0.1030263474917674,0.0022781064836256406
37.6,1.0198296769934372,2.582219590970648,-10.071106940813781,0.1621893819956897,12.21253605276351,0.26045677195619243,0.10725225321269247,0.002138919407179647
37.800000000000004,1.659763668093734,2.792378000522019,-10.388944410279953,0.13132104099559128,11.777578508275825,0.27436630060594597,0.11053344328102017,0.00201419047553019
38.0,2.283381541480619,2.9939518629102517,-10.576567607070428,0.14113160073136927,11.262788409752645,0.2821106815282931,0.11255302788729762,0.0019171051587578653
38.2,2.925319315126759,-3.0739914006111584,-10.421377696678185,0.17168971592037277,10.697655172252997,0.2825454125605011,0.11372587941557762,0.001846911612823231
38.400000000000006,-2.7373660435813094,-2.855400895938318,-9.955382495190452,0.16793919231079135,10.11499266756442,0.27478815543251617,0.1146239016935445,0.0018106571857850048
38.6,-2.10713825151319,-2.637722936891099,-9.511455965716259,0.1250356799224397,9.573359302441835,0.2600043512439865,0.11537789203860165,0.0018172117942557371
38.800000000000004,-1.461036521231592,-2.414159279769039,-9.367497601870273,0.11410756417055012,9.088037416383807,0.23736667668848177,0.1159214741388136,0.0018522426958050245
39.0,-0.8231364679440524,-2.1911568016458522,-9.50391120740866,0.14657913298735092,8.659950449527384,0.2076997615281626,0.11600440152064487,0.001901967973443274
39.2,-0.1733219830809036,-1.9684216750258636,-9.69516458803385,0.1770663201427918,8.296468782685125,0.17556129238174514,0.11545618312161185,0.0019545883441292383
39.400000000000006,0.45697320180515866,-1.7598297919193173,-9.865570278183158,0.18130952617631316,7.99549064712429,0.14258777616696455,0.11429083191085758,0.0020266598167687556
39.6,1.102924859717049,-1.5371926602550674,-10.07888958977205,0.15731001616357845,7.768793614998532,0.11398437754717701,0.11258383369953565,0.0021209152935719984
39.800000000000004,1.7364933134377862,-1.3296624810222586,-10.352489540671431,0.13246351200443993,7.62924101472497,0.09919947346489173,0.11040501860740266,0.002204374558005249
40.0,2.367146110832177,-1.114315047822073,-10.496242875126526,0.14784917000819972,7.575853724893747,0.1018155312540206,0.10793108881274405,0.002250678796098
40.2,3.0090254727876085,-0.9001424268556588,-10.305954827463028,0.17292618902853388,7.599233346209637,0.1198067698006327,0.10521246489235359,0.0022668619394792325
40.400000000000006,-2.6309925260141838,-0.6844458382613151,-9.888523679360828,0.16176990488498894,7.697949631051204,0.14736437034665364,0.10249813392747334,0.0022694037950621486
40.6,-1.9985980033842505,-0.46961712069666517,-9.521479156113143,0.1271518865847004,7.873329094575993,0.17894919526203648,0.10025853105398363,0.002270275062870745
40.800000000000004,-1.3658056247855175,-0.25497129970132676,-9.44899151347006,0.12469656327427953,8.141560222293455,0.21164725044729987,0.09873063073911123,0.002262224092775276
41.0,-0.740770430304383,-0.03892177954985662,-9.598602372194652,0.1525055920662544,8.495028771602506,0.24382833988967864,0.09772083672160717,0.002235863965201209
41.2,-0.10610474574868031,0.17875295812508166,-9.759776669204768,0.17732676720560403,8.946107733101407,0.27163311515500543,0.0969444594255416,0.002201432578301526
41.400000000000006,0.5183518458377632,0.3915008421513097,-9.895752760601152,0.17809323217736278,9.487143057045248,0.29197513614051496,0.0963455199819365,0.002163877971954597
41.6,1.1556033578875133,0.6088152737745149,-10.070389788822418,0.1515902593600798,10.09271639406668,0.30328033656574105,0.09602064681274261,0.0021423697037725588
41.800000000000004,1.797773583027838,0.8244550392242825,-10.309322651866113,0.13613425164997953,10.718006699201021,0.30656457286796157,0.09618376174308511,0.0021345155681779214
42.0,2.427564602375953,1.0395276659056483,-10.405228629142815,0.1561728827167645,11.312812735157166,0.3021467645171266,0.09685182947445448,0.002156859384565953
42.2,3.0497627932801348,1.254229164938096,-10.198431145193023,0.17584160923909464,11.843297488283667,0.2895649430525944,0.09818154917875502,0.0022448773282331587
42.400000000000006,-2.600221916856081,1.4734238861226225,-9.833437741504703,0.15813141246528567,12.278686155127332,0.27050278126830907,0.1005033868624166,0.0023810795959033166
42.6,-1.9562908569229385,1.6844276790333483,-9.554119018486904,0.13040999998323333,12.586183467475571,0.24896196510785337,0.10370554060157788,0.0025110814329782046
42.800000000000004,-1.3240743887636828,1.8960574353590731,-9.552942322060462,0.13382275868088558,12.74341537702433,0.23316227706355622,0.10750625271724812,0.002576388068168231
43.0,-0.6929224305563844,2.1130496592393992,-9.687106689403471,0.1585240727522595,12.747328397742589,0.22969445544752487,0.11149673257774295,0.002543975067447699
43.2,-0.057255063183454386,2.3268904479649613,-9.802058391231874,0.17736983820125787,12.592498916818752,0.23729834102744427,0.11561475249625926,0.0024431330401540026
43.400000000000006,0.6043453754242327,2.5360231120359464,-9.903869214231957,0.1699088424466918,12.29421969865761,0.25319938512971757,0.11976058318761133,0.002333491362165097
43.6,1.2280159761336062,2.7544862289451806,-10.059528045292609,0.1469541699322127,11.878132006301144,0.2701027930205577,0.12346712710368839,0.0022306858237417936
43.800000000000004,1.864335495879351,2.9724079346759154,-10.279921706539351,0.14192189865003604,11.360484127758845,0.2813691465377165,0.12613267092006225,0.0021346092436060546
44.0,2.4851859647061203,-3.0942738797808294,-10.332510774604,0.16511495217147681,10.781404716089204,0.2831855794842764,0.12774902917469397,0.00204495484125026
44.2,3.1209129454132998,-2.8828170435745526,-10.1217121243609,0.17393136456263006,10.192582705356303,0.27546840983833704,0.12881133755454838,0.001982180980181713
44.400000000000006,-2.535890252286885,-2.671613528243724,-9.798009734975018,0.15121397778531062,9.630375233211343,0.25855386898774296,0.1295138665710663,0.001971348151623393
44.6,-1.894824493755599,-2.4574801237078514,-9.606235061929109,0.13225448654796443,9.12165893630449,0.2351226317307581,0.12986013776789157,0.001996809474567202
44.800000000000004,-1.252680725898156,-2.2384540893681084,-9.645792905120052,0.1417322593315058,8.675054208240116,0.20687012493930323,0.12976159561899359,0.002036035380858596
45.0,-0.6198323754540629,-2.026959442196337,-9.74482020181883,0.16267064563854922,8.295657984131998,0.17469777091366354,0.1290738567898987,0.002073516555045409
45.2,0.017077977772860894,-1.812045680918266,-9.817359033509138,0.17688325177291067,7.996688766173247,0.14295356023723158,0.12788776210998995,0.002128216669966607
45.400000000000006,0.6449334316696751,-1.5900406284320874,-9.88005549352263,0.16900805000791708,7.772490391836916,0.11491867036342643,0.1262570904038184,0.0022076076584074964
45.6,1.2566295885764243,-1.3800419990428554,-10.042228832401722,0.14581713724200293,7.622623929169602,0.09543458339010445,0.12427303255463167,0.002292089205113959
45.800000000000004,1.87677274764437,-1.1686616024978984,-10.246598861996429,0.14666193613462802,7.560535597712985,0.0931413388874075,0.1220396800850394,0.0023442583848359037
46.0,2.497105144143455,-0.952644928598516,-10.281057664101722,0.1707454993489565,7.582256857084045,0.11069094707287047,0.1195722987601027,0.0023658798179742556
46.2,3.1273249393547764,-0.7400282759123337,-10.111352536271053,0.17335553450209948,7.686076267549778,0.1406976954905325,0.11691778838031205,0.0023713503237750826
46.400000000000006,-2.5302795271277514,-0.5339179900925018,-9.832990942125612,0.1499179094950559,7.8714992778618065,0.17648043410167147,0.11441496907278412,0.0023730794896622983
46.6,-1.9011794921185226,-0.32418209685041327,-9.683974893527681,0.13803873491348442,8.128058916275155,0.2141779209699889,0.11246858249322231,0.002368334673899781
46.800000000000004,-1.2773307854286624,-0.10866360038601368,-9.703025688386768,0.14590130019164763,8.449023465587814,0.24987081014083717,0.11113241691408568,0.0023453034666755168
47.0,-0.6299504498266892,0.10139318440977374,-9.753878776653067,0.16403022377316115,8.841031722188958,0.2793028536633184,0.11019646798312535,0.0023067985296809346
47.2,0.006033735396708926,0.31732769366716196,-9.783945901050538,0.17320029959996763,9.307488320348195,0.2989680540994629,0.10957378215223097,0.0022676038857176897
47.400000000000006,0.633470297081163,0.5317082433188463,-9.829123105772668,0.16388500356896207,9.835931227773559,0.3083132977980868,0.10925257033768973,0.002244725273042228
47.6,1.2757421587679891,0.7365561213285251,-9.990792622537954,0.14415032874427786,10.384664732590128,0.3083864666479155,0.10936401018913862,0.002245096711056898
47.800000000000004,1.8914413645998418,0.9600362501381519,-10.18994364906179,0.14917149509067776,10.927648728446751,0.3011594825439466,0.10995314697371501,0.0022832359094681473
48.0,2.516333414791614,1.1749091843916046,-10.250556755862329,0.1711542155732287,11.448472020761608,0.2873152090350034,0.11103850315232258,0.0023823747898463494
48.2,-3.13691749330427,1.3857944729988594,-10.098468714230949,0.17305863142779665,11.913859568464336,0.2690889662108398,0.11274682002226219,0.0025224743227231605
48.400000000000006,-2.510534536358943,1.5950825527460857,-9.838793625216198,0.15173178835038978,12.279357989767977,0.2533149217307296,0.11508646401432943,0.0026351374731027493
48.6,-1.8972736185061323,1.8084629275118154,-9.726344681457665,0.13701943236750364,12.524958824364509,0.2450828564927485,0.118079040522672,0.002687852483806757
48.800000000000004,-1.2738979108650943,2.0190901852959975,-9.750948876621349,0.14534467420878538,12.63689067154598,0.2465862463678784,0.12155269761516929,0.002654329539673009
49.0,-0.6536118816520406,2.2366473174997243,-9.796615629248889,0.16849758245470375,12.603315828463057,0.25651698115522764,0.12535568288966423,0.002540044130644295
49.2,-0.029182689465104775,2.4512764168515266,-9.79449503002625,0.17347705227808768,12.419998137374405,0.2701639587634371,0.1294410908920737,0.002403071438252332
49.400000000000006,0.5997145245947041,2.6620844824068968,-9.787967504083396,0.1606924488794369,12.088221616597062,0.28326535245005274,0.13353010964132955,0.0022743174028161473
49.6,1.2234533761675719,2.8867399043693824,-9.93914035669497,0.14688138493293412,11.630166696823334,0.2919738099048692,0.13708880388390354,0.0021615784850216786
49.800000000000004,1.8717986171365244,3.1000638853297637,-10.133709243533117,0.15336283527079306,11.09381861103396,0.29273159224813733,0.13960483676417193,0.0020607238392481866
50.0,2.509765382003309,-2.971142795005301,-10.207056611919606,0.16758792078045207,10.521495263260423,0.28441315354638697,0.14114389215285617,0.0019852567409364046
50.2,3.13062664851553,-2.758030687753359,-10.089909080930836,0.16940021172681963,9.941363526369576,0.2672169915825581,0.14203128357981903,0.001955289164571437
50.400000000000006,-2.5220385754686223,-2.541358657668731,-9.873875704437086,0.151723293037829,9.396362742718093,0.24344078406425046,0.14238454319915203,0.0019623017362087655
50.6,-1.909434450317319,-2.3241289955199487,-9.782948130061511,0.13782875325062313,8.904672268300908,0.21476221724747904,0.142239952125296,0.0019895801582125367
50.800000000000004,-1.2738343412728974,-2.113938381322012,-9.784597751747786,0.14709003567484133,8.487343970273932,0.18451548088164066,0.14160660902169306,0.0020239063064570167
51.0,-0.6611013520365598,-1.8965205835337966,-9.795642293539546,0.16981162601271135,8.16386695176895,0.1578729456899336,0.1405914012511424,0.002067485294121255
51.2,-0.03139365855861023,-1.6825169488666318,-9.753368300388976,0.17033660552327368,7.929015844043654,0.1367833973853848,0.1392319620936014,0.0021320237143160423
51.400000000000006,0.6014622294976403,-1.4756384442049149,-9.749253045163453,0.15509001124111338,7.773337862635648,0.1229834719101477,0.13760709930699627,0.0022153605809338514
51.6,1.2171822246481936,-1.2552987985727442,-9.905067644989696,0.14705506706461732,7.706644148819325,0.12143484981311353,0.13586915444228015,0.0022919142763293448
51.800000000000004,1.8554689296445055,-1.0458432969467704,-10.101377581548913,0.1593442593192277,7.716580030520189,0.13317050405189157,0.13394580965601377,0.002323263814661646
52.0,2.5090785796022512,-0.829610868408271,-10.175772095849277,0.17096026041968518,7.795829976229842,0.1568308045697986,0.13173701357295092,0.00231055604006074
52.2,-3.135418937903585,-0.6141898711901073,-10.064914332783255,0.1686076044416222,7.938135599286971,0.18807462989545395,0.1293915756496813,0.0022807305083482024
52.400000000000006,-2.4994381505026206,-0.3904318886908126,-9.890952674442133,0.1520637924028371,8.145990422966644,0.2216743573613608,0.12723220015015946,0.002256475782370874
52.6,-1.8608265706728107,-0.17769607396082346,-9.838388322754609,0.13911110970292304,8.41584823645594,0.25322490485805405,0.12559333650390467,0.0022348372993597444
52.800000000000004,-1.2259755401526762,0.035372448604393994,-9.852038953250565,0.15210099651621065,8.742639371778143,0.2797528768134893,0.1244617591067048,0.0022058212229552096
53.0,-0.6055032111918816,0.24491128368445741,-9.82959491766436,0.1737987088543791,9.128827045083607,0.29951796995669366,0.12366080424122558,0.0021648513368662365
53.2,0.024519466233022154,0.4579013224736341,-9.737408848800335,0.1693017943419626,9.590565136147708,0.3088429306801958,0.1231199090608294,0.0021336906875596335
53.400000000000006,0.6631680120735856,0.6683154968592346,-9.722639657265882,0.14725113469465667,10.113025176673295,0.3080758046842473,0.12309474590593965,0.002139913771439222
53.6,1.2970709329699783,0.8875593050037256,-9.898427459633723,0.14361609678814816,10.6635628800894,0.30096938955648556,0.12372031999994038,0.0021808573093066025
53.800000000000004,1.9258207873684117,1.104273306771305,-10.121511701290208,0.1615292728466577,11.202855515972889,0.2886243685340003,0.12480512808413495,0.0022659526021297687
54.0,2.5529661155743675,1.3211510221939053,-10.203349696831467,0.17537749663036667,11.68398043162772,0.2728614754241077,0.12627920211637952,0.0023960106718519166
54.2,-3.088158846235662,1.5364799637072573,-10.060384140363476,0.1703693571208502,12.084154264779645,0.25833505044110144,0.12818856333995468,0.0025234756229744093
54.400000000000006,-2.4596434996097543,1.7527035561883852,-9.899298834257388,0.1492854796969844,12.372499365526437,0.250931097510153,0.13071549498604473,0.0026129278483419454
54.6,-1.8340164773288001,1.973248812661834,-9.86794361855365,0.1331281924936007,12.542093815016488,0.25134582200173394,0.13387414360645183,0.002642562536604337
54.800000000000004,-1.2195945074994268,2.1839226275594266,-9.88593761040627,0.15350955201008298,12.573857475275847,0.25816154371834127,0.13741542972911647,0.002609042658015051
55.0,-0.585969940745005,2.397599321780733,-9.825996580964144,0.17575881591436876,12.448005379070167,0.26831695415315815,0.14111244025848677,0.0025335689457345817
55.2,0.03586714527640927,2.6169894316169584,-9.69006990365003,0.16853978288224952,12.16717919957583,0.2791969363260171,0.1449710643917809,0.0024630888332199652
55.400000000000006,0.6739779400600607,2.837179626213344,-9.687778358359463,0.14129227500290426,11.751620933256854,0.28796813866743237,0.14869526868467392,0.0024094114797917907
55.6,1.3014109990751892,3.0552605119625267,-9.90260185879432,0.1429151279381276,11.238997713708672,0.2913057308459557,0.1516835631955982,0.002346760811999584
55.800000000000004,1.951507881375017,-3.0082901292803217,-10.14989395200147,0.16510754913668263,10.667316277807208,0.28810598493437567,0.15369894949358792,0.0022644916495001667
56.0,2.5883662970806163,-2.802543250191911,-10.212096852795554,0.1783634729392392,10.092635822257241,0.2781315237784787,0.15484265440130152,0.002196048858735365
56.2,-3.0654360420270814,-2.58354970078254,-10.051527553268524,0.1683989250136848,9.560662683347964,0.260988258939908,0.15534128267806546,0.0021675394927325006
56.400000000000006,-2.4271175984184254,-2.377661611719088,-9.905918485415146,0.14411415934178734,9.076599622495369,0.2356297720807214,0.15532038863311387,0.00218383364260669
56.6,-1.785597592628395,-2.16599357807435,-9.885639098485214,0.13310324780508853,8.654105897805376,0.2058380247408169,0.15479449621246216,0.0022238211316199315
56.800000000000004,-1.1590252426901986,-1.9570337837582763,-9.886745299348636,0.1596217972166583,8.305033264401796,0.17514820025910102,0.15381322869487055,0.0022650030462445293
57.0,-0.5368151437851457,-1.7490567318996306,-9.786383653930407,0.17682452126750023,8.032906534695979,0.1470571599347692,0.1524976583822285,0.002319350330533045
57.2,0.10831039114572907,-1.534040356468304,-9.632835436443383,0.1634494112420085,7.8556662607873395,0.12596129133547887,0.15094355057237638,0.002396917356359434
57.400000000000006,0.7439788555390875,-1.3264819114750916,-9.65229787107664,0.14082534681390166,7.776110692918306,0.11946122673709479,0.14934004668897513,0.002474369198544293
57.6,1.3701970194271607,-1.112423708478562,-9.912318066468496,0.14321237451224128,7.778350417689002,0.13179518965380588,0.14770208773545218,0.002498827203965515
57.800000000000004,1.993866591204773,-0.8968177854373389,-10.173595629222932,0.16547651180368333,7.853935636497814,0.15888706352769597,0.14577563041408398,0.0024777574043312123
58.0,2.635592934377238,-0.684702382512736,-10.23152429967276,0.17982216707010928,7.991708774746357,0.19300992068173078,0.14354575065904013,0.0024322508988784577
58.2,-3.01215916863649,-0.4698395372009961,-10.092917067014394,0.16628703364411657,8.175772820459905,0.2287283149702848,0.14126253944258108,0.002387191626179189
58.400000000000006,-2.3768471849216315,-0.2634968139961286,-9.962630086462514,0.14025838616872768,8.409047552980656,0.2609424315406728,0.13937466573633178,0.0023657827373358034
58.6,-1.7291534955091268,-0.048885623076439344,-9.94043796088621,0.13816956751791107,8.692793116716768,0.28725657460101306,0.1381123057963033,0.002351113593184087
58.800000000000004,-1.095782734118733,0.1647043294019591,-9.887362436129255,0.16247596020391242,9.024151957842406,0.30615662359948037,0.13721300344981563,0.0023193831284926965
59.0,-0.4644094801976351,0.3810186226280262,-9.734572751236403,0.17165764616374846,9.428543312587133,0.3148514740184163,0.13656778044330897,0.0022863482057603334
59.2,0.1658607614739987,0.5994934584884266,-9.581416865922138,0.15424808125544176,9.89845084833697,0.3123274293359333,0.1363888881200377,0.002297676557508831
59.400000000000006,0.7922059012046453,0.8121968073625215,-9.649794217948392,0.1379334741557192,10.394389584999741,0.3024717109256857,0.1369056785478882,0.0023536229011985447
59.6,1.4397588594470698,1.0259545548915212,-9.926473649250735,0.14700569066884808,10.885614095865526,0.28821804935334,0.1379943266247825,0.002443933718781293
59.800000000000004,2.052683922994305,1.236439375084185,-10.174290173175805,0.17064914712270496,11.341224708702512,0.2751040279199663,0.1393486543996875,0.0025603191754363518
60.0,2.676169617633011,1.456502012072384,-10.218428912963313,0.18094499347954887,11.738060374246661,0.2680768487667014,0.1409083663786455,0.0026653237533714965
60.2,-2.9792335603895737,1.6709683741124688,-10.082253190103094,0.16180813795805943,12.053249396635334,0.2672550490480911,0.14294103593878998,0.0027394470995323393
60.400000000000006,-2.354517323360812,1.8818352252702837,-10.011067451762607,0.13427287335313318,12.267730230938884,0.2702474528596857,0.14555544252184444,0.0027807469300592576
60.6,-1.7312528625222934,2.0977467586206004,-9.998296377941168,0.1421375774645639,12.372828175278581,0.2751734322145495,0.14858992526060286,0.0027732820625615377
60.800000000000004,-1.09759542024968,2.3119993983584775,-9.89496969971337,0.16812276982901148,12.34208446374585,0.2808995199450196,0.15187276307307895,0.002717711301138737
61.0,-0.4597539288875394,2.5257631541328704,-9.682500233703164,0.1690588195087986,12.16990095663471,0.28766535141157246,0.15545090600294603,0.0026565015927398176
61.2,0.1679180346290128,2.743513594740361,-9.494636639531581,0.14647739866637124,11.85649106678815,0.2937503221170392,0.15923070239760084,0.0026184436925340893
61.400000000000006,0.8123429457267679,2.963681327762062,-9.601054994063578,0.13548877575222348,11.423129783507314,0.2965362550805419,0.16270583282185952,0.0025895035330425805
61.6,1.4431276452665216,-3.1108458847168117,-9.91422003224704,0.15109605105506796,10.908918832755502,0.29414159474925555,0.16532656159798859,0.002545497404693643
61.800000000000004,2.052956537934051,-2.8900341249779835,-10.169801217554092,0.17677185592719336,10.34548563009876,0.28535102655917116,0.16696044513135058,0.002485019620019826
62.0,2.710733808583153,-2.6742051081757494,-10.206896888482232,0.1804444185555545,9.794377665768474,0.2702971853673991,0.16776876816138828,0.0024480192488583186
62.2,-2.9315312019708086,-2.460257937968052,-10.095696449762777,0.1553174934495837,9.296343351193396,0.24904108976506273,0.1678883680380477,0.0024578926666835926
62.400000000000006,-2.285019779397299,-2.2493622822696544,-10.06429577085297,0.13079069594315793,8.853472880169674,0.22215051709964048,0.16742248792177222,0.0024973270743077944
62.6,-1.6300569618550311,-2.0367649056472725,-10.03291431375316,0.149600820233885,8.483828260571531,0.19233962253140974,0.16647432398584044,0.0025330031219489117
62.800000000000004,-1.0191233794306271,-1.8158878749850969,-9.892984879835506,0.1742455085427948,8.200644959868953,0.16427833284864637,0.16519294893687803,0.0025672206455788064
63.0,-0.3806802162393299,-1.6023191643989385,-9.640125202294387,0.16589039459006885,8.004363636205436,0.14231888806798162,0.16369125613139096,0.0026154099884466444
63.2,0.24736407936810745,-1.3838397714410848,-9.471008669021924,0.14269981671879148,7.895638300915101,0.13391901241319537,0.16215458064674532,0.002677019362413729
63.400000000000006,0.8808246759557923,-1.175037470910888,-9.641334267975717,0.13496550274671648,7.887443622576147,0.1442857230571102,0.1607353291115206,0.0027027785456532334
63.6,1.5263401557390075,-0.9624273298304232,-9.974196357811993,0.15529048136968188,7.962276522012249,0.16967732187794618,0.1592258823584116,0.0026767652251609244
63.800000000000004,2.1624925060102886,-0.7471624721845808,-10.205603117470266,0.1811890218451192,8.089740242780458,0.2022060795144588,0.1574380394102102,0.0026143081199331945
64.0,2.8069086799833367,-0.5265853379996418,-10.193070913968617,0.17665196053839852,8.255566043292813,0.23611925122146873,0.15540623389082592,0.0025486990962296425
64.2,-2.833747426845953,-0.308991996102369,-10.08457456415012,0.144588461786306,8.464653130755782,0.2665749180585504,0.15347772836402418,0.002512316226982414
64.4,-2.183523560993158,-0.09582468983838019,-10.072857760753362,0.1299483083698971,8.710457671072367,0.2908346402501751,0.15204602389352473,0.0024983423110411023
64.60000000000001,-1.5401997993754226,0.1144173879548937,-10.022770136686468,0.15622934389338747,8.983312180001086,0.3076047300426554,0.15101842970680374,0.0024715623642540497
64.8,-0.9040748618988638,0.33366213672199957,-9.836578438219103,0.17479906861086972,9.320725090881213,0.314613673183349,0.15027965743206714,0.0024476214229809034
65.0,-0.2673915236621379,0.5466247874429114,-9.554214823746612,0.15848315559378565,9.719791370100143,0.31214047622084967,0.15000286207914343,0.002472679708553368
65.2,0.3794387198326925,0.7568521623900936,-9.469049523583749,0.13592840101265358,10.16063878546542,0.30238495595043935,0.15043734978912843,0.0025345423120232283
65.4,1.000278892806687,0.9779485187976813,-9.714368459495224,0.13721301129842578,10.626080164831627,0.29069290752734306,0.15140650870192102,0.00260302270086883
65.60000000000001,1.6121911065369388,1.1945709750428113,-10.056861670235037,0.16456992444834403,11.074053451652834,0.2800620337354884,0.1525680024077576,0.002666423165633731
65.8,2.2426607645188428,1.4095469574627848,-10.255139722557608,0.1860013682284262,11.487692526134484,0.27283793751300517,0.15395861515739767,0.002740138437781885
66.0,2.8977960073491964,1.6230261160835138,-10.203936726588047,0.1734782042757927,11.833777715725281,0.27196908892241095,0.15569770174662853,0.0028136986089596903
66.2,-2.7399594807353234,1.8317578039550202,-10.127794241415758,0.1347691435482983,12.102158116236394,0.27581119377099095,0.15795126298117307,0.0028751296236379717
66.4,-2.108570527587376,2.049368855141821,-10.112473745568037,0.13109103869151106,12.256893096516645,0.28167003085831466,0.16060378809005563,0.002896163428267506
66.60000000000001,-1.4810101072656308,2.26434465171362,-10.01183831473654,0.16271521086128476,12.279627120368374,0.2889208776452573,0.1634897223915665,0.0028675232211335167
66.8,-0.8348268131415011,2.486101230550406,-9.772664498840076,0.1731872018937163,12.155819894349719,0.2956535351082673,0.1666789448823835,0.0028152310503637666
67.0,-0.18849312236200333,2.7082114984567345,-9.474320336621277,0.1521753524324382,11.894975911131352,0.30121360324569457,0.17028739752080999,0.0027814967379436763
67.2,0.43761480761818033,2.924385725931798,-9.457885281293732,0.1323292461224477,11.513657352325147,0.3035139851163235,0.17394870313368016,0.0027649933940148033
67.4,1.0740429311030626,3.138630044279723,-9.753761626866543,0.13883920423993923,11.036854562286077,0.3017642562454818,0.17697837333574057,0.0027388832974505543
67.60000000000001,1.71348338567974,-2.93578036530145,-10.103004590085536,0.1697615261577243,10.50872012733625,0.29424523817918213,0.17895273327523303,0.002689213129907824
67.8,2.3651535283698157,-2.7217823437714195,-10.266306200189543,0.18580480408166816,9.970103651208444,0.2798805277135806,0.17998969453595648,0.002649602827079907
68.0,2.996561732364554,-2.5081695009901246,-10.196264094090653,0.16520385824583053,9.462474448207905,0.2590428604599341,0.1802226713291403,0.002652167984697971
68.2,-2.661440074428753,-2.290154172457863,-10.145620178117142,0.13091391896010432,9.006352585394083,0.233748499787373,0.17985843490289274,0.002693800557562201
68.4,-2.0188852354422386,-2.077692983238584,-10.124507271320706,0.1410861665379999,8.631797858266461,0.20841099213822936,0.17904094927014041,0.0027354110395581247
68.60000000000001,-1.3822768964580079,-1.8547985220975094,-9.976920567535762,0.16896082828920395,8.343776708615412,0.18435806899691717,0.1778407462050531,0.0027588020768003333
68.8,-0.7484181559098234,-1.643417831429171,-9.673817286416192,0.1657429828050162,8.139794484670896,0.16335708830233195,0.17643054665009145,0.002792044876633749
69.0,-0.11791700165280719,-1.4224967194079912,-9.3937155117267,0.1427117650128188,8.023095502403113,0.151703489082921,0.17504992690728013,0.0028435053788733017
69.2,0.520416197908016,-1.2144134998906266,-9.457858153592031,0.12884612825030167,7.993203414638681,0.1569231000201468,0.17387263945305534,0.002869295588284185
69.4,1.1665234018318844,-0.9957885522930923,-9.805976948769827,0.144210907025383,8.036045645380957,0.17767929518988768,0.1726168459799286,0.0028505248240764335
69.60000000000001,1.81439800057536,-0.7806523099394099,-10.14537537881576,0.17739985995741941,8.147880321431595,0.20701382317947678,0.17108748448490013,0.0027944531055836123
69.8,2.4615431892869815,-0.5616744504957402,-10.263191327109443,0.18530938935106914,8.306922164330503,0.23827598559119564,0.16926380913725655,0.0027208626817172496
70.0,3.088172763595146,-0.3449913703063316,-10.208390360217061,0.15438054993845732,8.51619038162013,0.26607935777168457,0.16736347114769776,0.002661912909833438
70.2,-2.554087259546397,-0.13088828515780254,-10.184066388748217,0.12688705779613063,8.75728941374975,0.2884100483643828,0.16579679684270354,0.0026389266998562626
70.4,-1.9066942518299654,0.08229335179005284,-10.13398963889127,0.14785557627392312,9.02947371500556,0.30487269632000874,0.16465384515997936,0.002630867503139063
70.60000000000001,-1.2724707067469452,0.29670537316545315,-9.935255968470422,0.17068002195905546,9.33868123849595,0.3134132226070499,0.1638080689225674,0.0026173731874261207
70.8,-0.6447266168259322,0.5138817537879707,-9.592795162580813,0.16195164929255315,9.705887027715224,0.31462259554299543,0.16345119456714158,0.002626370395082256
71.0,-0.0011534188792603364,0.7269664776018763,-9.346086525502662,0.14014465898112713,10.120467768104849,0.30970084843023954,0.16386193761344348,0.0026581148033920144
71.2,0.6374234770204021,0.939589419370925,-9.483540759518876,0.12708108693686074,10.546588440044427,0.30175782609621105,0.16493185289582296,0.0026972495733802934
71.4,1.2742540214633773,1.1598051723977987,-9.865102397065701,0.14880233209723556,10.971262370425821,0.29423176287801134,0.1662659238897455,0.002721864771003161
71.60000000000001,1.9225849437074476,1.3762647685394493,-10.19870539099959,0.18058881740949592,11.375779925699744,0.28784014357823046,0.16782429020898998,0.002743835433750242
71.8,2.566342912461814,1.5858027637147751,-10.283503089108814,0.1837380399391501,11.717966610164584,0.28468905876913814,0.16962071856942768,0.002785778307612829
72.0,-3.08203323232942,1.796101096673255,-10.210921661733938,0.14722994785361138,11.960758527756497,0.2865751477499282,0.1717252467895921,0.0028616907912685547
72.2,-2.435187588580947,2.0147696995446442,-10.174254212673489,0.12542739521348256,12.088657216410386,0.291195445573228,0.17415988963525303,0.0029560648839530575
72.4,-1.7783844211257156,2.2218757555268285,-10.100119768312593,0.15105002217409702,12.10817441645169,0.29586627118465375,0.1768010116107449,0.0030188623454555034
72.60000000000001,-1.1418136384366162,2.4284313259792176,-9.8722114045503,0.1714206554845075,12.006990031351368,0.29899283911217267,0.17961681870208981,0.003031237404893722
72.8,-0.5142523083440668,2.644622273050462,-9.524267221751549,0.1604481901121679,11.78175015581768,0.3007891999825365,0.182783943776715,0.00302830446136083
73.0,0.13127025175743565,2.8635170309977065,-9.35587385720658,0.13570424791015723,11.429194568346114,0.3007701835345553,0.18614669155854732,0.0030190259300688477
73.2,0.7776512721067688,3.073269425146089,-9.564865850941322,0.12935067972878,10.984970348390439,0.29924410740660157,0.18918100559216083,0.0029925949515924905
73.4,1.428355358181245,-3.0019616693256395,-9.967353603448007,0.15920325878964128,10.500556123863763,0.2954807377390686,0.19141918240291372,0.0029452349328479353
73.60000000000001,2.0732711341867756,-2.7827270785919014,-10.249457358391686,0.18534644386904767,10.019310355264546,0.2868594700928857,0.19270333671744846,0.002907834077189488
73.8,2.7223650151009418,-2.567892315903723,-10.264787026495085,0.1763899734607519,9.580539647945285,0.2723823688963983,0.1930767000871511,0.002904645724882615
74.0,-2.9202494010149724,-2.359219784921882,-10.202603210089306,0.13938765528407085,9.182872284137819,0.25233984755175315,0.19285167407624554,0.0029422393874247352
74.2,-2.2860235033356764,-2.150730082213231,-10.169881471742006,0.1303802786681624,8.83574188473414,0.22971285862865162,0.19216874653195803,0.0029767496861137443
74.4,-1.6401413692072568,-1.9413988114507175,-10.073390190104906,0.15803549807054657,8.557867877150183,0.2094792107613919,0.1911106536519869,0.002987059820037653
74.60000000000001,-0.9810921765384576,-1.7287800248101466,-9.793708428715245,0.17145175638718857,8.359839378790273,0.19434708703395256,0.18982664704425709,0.0030002611604963247
74.8,-0.35448264817045333,-1.508859569780853,-9.434305213592753,0.15128095718034948,8.227691841886834,0.18634030904131035,0.1885658536673352,0.003026228273864233
75.0,0.2876985449637275,-1.2947590018579909,-9.353055089335118,0.12497290867674671,8.16263810179868,0.1895708028634147,0.1875606729634242,0.0030362094274382573
75.2,0.9262223926719643,-1.080041808711143,-9.632832743561691,0.13247563393933764,8.15951587861117,0.20384953408196868,0.18664337651700938,0.003011306721286258
75.4,1.5671899609332058,-0.8728120639590687,-10.03217201491947,0.16848499446242118,8.213272603346057,0.22356120417548858,0.18547342886619286,0.002958315004564749
75.60000000000001,2.2213338188977847,-0.6590510794796023,-10.255523506351965,0.1872025806848442,8.310094856310986,0.24449496998757958,0.18390753060314954,0.0029010973111896223
75.8,2.8510435937791314,-0.44067368864971235,-10.249723362059633,0.16879214479601937,8.446775430297757,0.26369960558613637,0.18207602804911568,0.002857412448183401
76.0,-2.7934147197675023,-0.2190070003407129,-10.20709914225096,0.1326192830621284,8.619118570517953,0.2799214412376378,0.1803545567507588,0.002841561082346402
76.2,-2.142732444506592,-0.009480410564945104,-10.18415528099377,0.13668733074095943,8.844230562791862,0.2916631305190716,0.17894341278896075,0.00285236972048478
76.4,-1.5222051313577505,0.2015841693115627,-10.03737902732197,0.16349699684380717,9.137742515745568,0.2980438296273996,0.17780864721299106,0.002863119934053913
76.60000000000001,-0.896322942096182,0.41961673411340467,-9.70577328988324,0.1688200434525295,9.495896465416196,0.2990805407346102,0.17716171073362486,0.002883718682559046
76.80000000000001,-0.2766397817649906,0.6279061855444794,-9.373465547087182,0.14363180261031072,9.89380038890652,0.2966512717415648,0.1772969570971807,0.00291193703415134
77.0,0.36369708934055905,0.8394245958036173,-9.36398287774905,0.12250320126112411,10.303767096843725,0.29502103111521355,0.17808327085391082,0.002936180099615914
77.2,1.0060622992437558,1.0601588472948948,-9.69373321982435,0.14122303980774867,10.708140636518031,0.2965204589178025,0.17917646083701982,0.002932079491443768
77.4,1.6338604933650571,1.2695285024446585,-10.087275840697798,0.1750264909897449,11.09783062172797,0.2975847322226883,0.18052020726874451,0.0029172300575985048
77.60000000000001,2.27848123858655,1.4801069297355751,-10.280561880237792,0.18587124731357516,11.43698225048058,0.29789584338297453,0.18211174505723476,0.002910381395119938
77.80000000000001,2.923172013833686,1.686632903796634,-10.26965196036093,0.16026819730451428,11.692972740150378,0.30010959130798276,0.18394496881300795,0.0029364944225695046
78.0,-2.7067251357971815,1.9069397105503079,-10.235900067589949,0.12715784704779412,11.866576908367133,0.30237347635436573,0.18605488461220623,0.002997482050772038
78.2,-2.0726539301289377,2.1193300652765332,-10.189601364485203,0.14040418005033609,11.950282463302432,0.302879977598001,0.18839588469216537,0.003058566940940644
78.4,-1.435007050856243,2.325808727922698,-9.99500563376301,0.16819617632044703,11.932228665267417,0.3015237904965288,0.19078122996819344,0.0030871469153847366
78.60000000000001,-0.7858086840232055,2.546238800571296,-9.628315522095459,0.16599071342658372,11.788913974363336,0.29910753897429243,0.19348452048571324,0.003102372761164513
78.80000000000001,-0.16739448982464666,2.7453284667113547,-9.348086467337392,0.13668703426170065,11.517674224336302,0.2984073851080123,0.19659951993343866,0.0031139287950550576
79.0,0.46901149019332067,2.960714346774682,-9.406711860410159,0.12466720054592886,11.148795951919123,0.30076641595441955,0.19973493737188605,0.003109333061584404
79.2,1.114756399040412,-3.111447892429128,-9.770911469710315,0.14958975283387446,10.71909904389878,0.3032637174677394,0.20239849300626953,0.003083843875560082
79.4,1.7602817038769074,-2.8985166661820805,-10.126009060728107,0.17842670900032997,10.280115755878061,0.30184469679626935,0.20414611810472566,0.003053913649240509
79.60000000000001,2.407287409779296,-2.6934599813343287,-10.262214381657,0.1840284817867724,9.852940773905711,0.29325651949150916,0.2049733843338501,0.003055009549600992
79.80000000000001,3.0264459625024074,-2.469219213160073,-10.256838163667407,0.15458167312920956,9.45990183794787,0.27554164817876964,0.20511307982812615,0.003092843793958516
80.0,-2.6097480634159913,-2.25873974955466,-10.237196026767078,0.127754304367227,9.099996370654672,0.2488080485131481,0.2047854059331838,0.003140699349853589
