delta_phi_rad,chi_phi_emp_norm
-1.5707963267948966,6.123233995736766e-17
-1.5603243512829306,0.010471784116245868
-1.5498523757709646,0.02094241988335705
-1.5393804002589986,0.031410759078128396
-1.5289084247470326,0.04187565372919975
-1.5184364492350666,0.052335956242943966
-1.5079644737231006,0.06279051952931353
-1.4974924982111348,0.07323819712763163
-1.4870205226991688,0.08367784333231544
-1.4765485471872029,0.09410831331851428
-1.4660765716752369,0.10452846326765346
-1.4556045961632709,0.11493715049286661
-1.4451326206513049,0.12533323356430426
-1.4346606451393389,0.1357155724343044
-1.424188669627373,0.14608302856241165
-1.413716694115407,0.15643446504023092
-1.403244718603441,0.16676874671610234
-1.392772743091475,0.17708474031958338
-1.382300767579509,0.18738131458572474
-1.371828792067543,0.19765734037912627
-1.361356816555577,0.20791169081775945
-1.350884841043611,0.2181432413965427
-1.3404128655316452,0.2283508701106557
-1.3299408900196792,0.23853345757858083
-1.3194689145077132,0.24868988716485474
-1.3089969389957472,0.25881904510252074
-1.2985249634837812,0.2689198206152657
-1.2880529879718152,0.2789911060392293
-1.2775810124598492,0.2890317969444716
-1.2671090369478832,0.2990407922560867
-1.2566370614359172,0.30901699437494745
-1.2461650859239513,0.31895930929807004
-1.2356931104119853,0.3288666467385833
-1.2252211349000193,0.3387379202452915
-1.2147491593880533,0.3485720473218153
-1.2042771838760875,0.35836794954530016
-1.1938052083641213,0.3681245526846781
-1.1833332328521555,0.37784078681846706
-1.1728612573401895,0.38751558645210293
-1.1623892818282235,0.39714789063478056
-1.1519173063162575,0.4067366430758002
-1.1414453308042916,0.41628079226040116
-1.1309733552923256,0.42577929156507266
-1.1205013797803596,0.4352310993723275
-1.1100294042683936,0.4446351791849275
-1.0995574287564276,0.4539904997395468
-1.0890854532444616,0.4632960351198618
-1.0786134777324956,0.47255076486905406
-1.0681415022205298,0.48175367410171516
-1.0576695267085636,0.49090375361514094
-1.0471975511965979,0.4999999999999999
-1.0367255756846316,0.5090414157503714
-1.0262536001726659,0.5180270093731302
-1.0157816246606997,0.5269557954966777
-1.0053096491487339,0.5358267949789965
-0.9948376736367679,0.5446390350150271
-0.9843656981248019,0.5533915492433441
-0.9738937226128359,0.5620833778521306
-0.9634217471008699,0.5707135676844317
-0.9529497715889039,0.5792811723426788
-0.9424777960769379,0.5877852522924731
-0.932005820564972,0.5962248749656157
-0.9215338450530061,0.6045991148623748
-0.9110618695410401,0.6129070536529765
-0.9005898940290741,0.6211477802783103
-0.8901179185171081,0.6293203910498375
-0.8796459430051421,0.6374239897486897
-0.8691739674931761,0.6454576877239506
-0.8587019919812102,0.6534206039901054
-0.8482300164692442,0.6613118653236518
-0.8377580409572782,0.6691306063588582
-0.8272860654453122,0.6768759696826607
-0.8168140899333463,0.6845471059286886
-0.8063421144213803,0.6921431738704068
-0.7958701389094143,0.6996633405133654
-0.7853981633974484,0.7071067811865475
-0.7749261878854824,0.7144726796328034
-0.7644542123735164,0.7217602280983622
-0.7539822368615504,0.7289686274214116
-0.7435102613495844,0.7360970871197343
-0.7330382858376184,0.7431448254773942
-0.7225663103256524,0.7501110696304596
-0.7120943348136866,0.7569950556517564
-0.7016223593017206,0.7637960286346421
-0.6911503837897546,0.7705132427757891
-0.6806784082777886,0.7771459614569709
-0.6702064327658226,0.7836934573258397
-0.6597344572538566,0.7901550123756903
-0.6492624817418906,0.7965299180241963
-0.6387905062299247,0.8028174751911145
-0.6283185307179587,0.8090169943749473
-0.6178465552059927,0.8151277957285542
-0.6073745796940268,0.821149209133704
-0.5969026041820608,0.8270805742745618
-0.5864306286700948,0.8329212407100994
-0.5759586531581288,0.838670567945424
-0.5654866776461629,0.844327925502015
-0.5550147021341969,0.8498926929868639
-0.5445427266222309,0.8553642601605066
-0.5340707511102649,0.8607420270039436
-0.5235987755982989,0.8660254037844386
-0.5131268000863329,0.8712138111201894
-0.5026548245743669,0.8763066800438636
-0.49218284906240095,0.8813034520649922
-0.48171087355043496,0.8862035792312147
-0.47123889803846897,0.8910065241883679
-0.460766922526503,0.8957117602394129
-0.4502949470145372,0.9003187714021934
-0.4398229715025712,0.9048270524660195
-0.4293509959906052,0.9092361090470685
-0.41887902047863923,0.9135454576426009
-0.40840704496667324,0.9177546256839811
-0.39793506945470725,0.9218631515885005
-0.38746309394274125,0.9258705848099947
-0.37699111843077526,0.9297764858882513
-0.36651914291880927,0.9335804264972017
-0.3560471674068433,0.9372819894918915
-0.3455751918948773,0.9408807689542255
-0.3351032163829113,0.944376370237481
-0.3246312408709453,0.9477684100095857
-0.3141592653589793,0.9510565162951535
-0.30368728984701354,0.9542403285162768
-0.29321531433504755,0.9573194975320672
-0.28274333882308156,0.9602936856769431
-0.27227136331111557,0.9631625667976581
-0.2617993877991496,0.9659258262890682
-0.2513274122871836,0.9685831611286311
-0.2408554367752176,0.9711342799096361
-0.2303834612632516,0.9735789028731603
-0.2199114857512856,0.9759167619387474
-0.20943951023931962,0.9781476007338056
-0.19896753472735362,0.9802711746217219
-0.18849555921538763,0.9822872507286887
-0.17802358370342164,0.9841956079692419
-0.16755160819145565,0.9859960370705049
-0.15707963267948966,0.9876883405951378
-0.14660765716752389,0.9892723329629883
-0.1361356816555579,0.9907478404714436
-0.1256637061435919,0.9921147013144778
-0.11519173063162591,0.9933727656003964
-0.10471975511965992,0.9945218953682733
-0.09424777960769393,0.99556196460308
-0.08377580409572793,0.9964928592495044
-0.07330382858376194,0.9973144772244581
-0.06283185307179595,0.9980267284282716
-0.05235987755982996,0.9986295347545738
-0.04188790204786397,0.9991228300988584
-0.031415926535897976,0.9995065603657316
-0.020943951023931984,0.9997806834748455
-0.010471975511965992,0.9999451693655121
-2.220446049250313e-16,1.0
0.01047197551196577,0.9999451693655121
0.02094395102393176,0.9997806834748455
0.031415926535897754,0.9995065603657316
0.041887902047863745,0.9991228300988584
0.05235987755982974,0.9986295347545738
0.06283185307179573,0.9980267284282716
0.07330382858376172,0.9973144772244581
0.08377580409572771,0.9964928592495044
0.0942477796076937,0.99556196460308
0.1047197551196597,0.9945218953682733
0.11519173063162569,0.9933727656003964
0.12566370614359168,0.9921147013144779
0.13613568165555767,0.9907478404714436
0.14660765716752344,0.9892723329629883
0.15707963267948943,0.9876883405951378
0.16755160819145543,0.985996037070505
0.17802358370342142,0.984195607969242
0.1884955592153874,0.9822872507286887
0.1989675347273534,0.9802711746217219
0.2094395102393194,0.9781476007338057
0.21991148575128538,0.9759167619387474
0.23038346126325138,0.9735789028731603
0.24085543677521737,0.9711342799096361
0.25132741228718336,0.9685831611286312
0.26179938779914935,0.9659258262890683
0.27227136331111534,0.9631625667976582
0.28274333882308134,0.9602936856769431
0.2932153143350471,0.9573194975320674
0.3036872898470131,0.9542403285162769
0.3141592653589791,0.9510565162951536
0.3246312408709451,0.9477684100095858
0.3351032163829111,0.9443763702374811
0.34557519189487707,0.9408807689542256
0.35604716740684306,0.9372819894918916
0.36651914291880905,0.9335804264972019
0.37699111843077504,0.9297764858882515
0.38746309394274103,0.9258705848099948
0.397935069454707,0.9218631515885006
0.408407044966673,0.9177546256839811
0.418879020478639,0.913545457642601
0.429350995990605,0.9092361090470685
0.43982297150257077,0.9048270524660197
0.450294947014537,0.9003187714021935
0.46076692252650275,0.895711760239413
0.47123889803846897,0.8910065241883679
0.48171087355043474,0.8862035792312148
0.49218284906240095,0.8813034520649922
0.5026548245743667,0.8763066800438637
0.5131268000863329,0.8712138111201894
0.5235987755982987,0.8660254037844387
0.5340707511102645,0.8607420270039439
0.5445427266222307,0.8553642601605067
0.5550147021341965,0.8498926929868641
0.5654866776461627,0.8443279255020152
0.5759586531581284,0.8386705679454242
0.5864306286700947,0.8329212407100995
0.5969026041820604,0.8270805742745619
0.6073745796940266,0.821149209133704
0.6178465552059924,0.8151277957285544
0.6283185307179586,0.8090169943749475
0.6387905062299244,0.8028174751911147
0.6492624817418906,0.7965299180241963
0.6597344572538564,0.7901550123756905
0.6702064327658221,0.7836934573258401
0.6806784082777884,0.777145961456971
0.6911503837897541,0.7705132427757895
0.7016223593017203,0.7637960286346422
0.7120943348136861,0.7569950556517566
0.7225663103256523,0.7501110696304596
0.7330382858376181,0.7431448254773945
0.7435102613495843,0.7360970871197344
0.7539822368615501,0.7289686274214118
0.7644542123735163,0.7217602280983623
0.7749261878854821,0.7144726796328036
0.7853981633974483,0.7071067811865476
0.795870138909414,0.6996633405133655
0.8063421144213803,0.6921431738704068
0.816814089933346,0.6845471059286888
0.8272860654453118,0.6768759696826611
0.837758040957278,0.6691306063588583
0.8482300164692438,0.6613118653236522
0.85870199198121,0.6534206039901056
0.8691739674931758,0.6454576877239508
0.879645943005142,0.6374239897486899
0.8901179185171078,0.6293203910498377
0.900589894029074,0.6211477802783104
0.9110618695410397,0.6129070536529767
0.921533845053006,0.6045991148623749
0.9320058205649717,0.596224874965616
0.9424777960769379,0.5877852522924731
0.9529497715889037,0.5792811723426791
0.9634217471008695,0.570713567684432
0.9738937226128357,0.5620833778521308
0.9843656981248015,0.5533915492433444
0.9948376736367677,0.5446390350150272
1.0053096491487334,0.535826794978997
1.0157816246606997,0.5269557954966777
1.0262536001726654,0.5180270093731305
1.0367255756846316,0.5090414157503714
1.0471975511965974,0.5000000000000003
1.0576695267085636,0.49090375361514094
1.0681415022205294,0.48175367410171555
1.0786134777324956,0.47255076486905406
1.0890854532444614,0.463296035119862
1.0995574287564276,0.4539904997395468
1.1100294042683934,0.44463517918492773
1.1205013797803591,0.4352310993723279
1.1309733552923253,0.4257792915650728
1.1414453308042911,0.41628079226040154
1.1519173063162573,0.4067366430758004
1.162389281828223,0.397147890634781
1.1728612573401893,0.3875155864521031
1.183333232852155,0.37784078681846744
1.1938052083641213,0.3681245526846781
1.204277183876087,0.3583679495453006
1.2147491593880533,0.3485720473218153
1.225221134900019,0.3387379202452917
1.2356931104119853,0.3288666467385833
1.246165085923951,0.3189593092980702
1.2566370614359172,0.30901699437494745
1.267109036947883,0.29904079225608693
1.2775810124598488,0.28903179694447206
1.288052987971815,0.2789911060392295
1.2985249634837808,0.26891982061526615
1.308996938995747,0.25881904510252096
1.3194689145077128,0.24868988716485518
1.329940890019679,0.23853345757858105
1.3404128655316447,0.2283508701106561
1.350884841043611,0.2181432413965427
1.3613568165555767,0.20791169081775968
1.371828792067543,0.19765734037912627
1.3823007675795087,0.18738131458572493
1.392772743091475,0.17708474031958338
1.4032447186034407,0.16676874671610256
1.4137166941154065,0.15643446504023137
1.4241886696273727,0.14608302856241187
1.4346606451393384,0.13571557243430485
1.4451326206513047,0.12533323356430448
1.4556045961632704,0.11493715049286705
1.4660765716752366,0.10452846326765368
1.4765485471872024,0.09410831331851473
1.4870205226991686,0.08367784333231566
1.4974924982111344,0.07323819712763208
1.5079644737231006,0.06279051952931353
1.5184364492350664,0.05233595624294419
1.5289084247470326,0.04187565372919975
1.5393804002589984,0.03141075907812862
1.5498523757709646,0.02094241988335705
1.5603243512829303,0.01047178411624609
1.5707963267948966,6.123233995736766e-17
