delta_omega,normalized_smoothed_mean
0.4907874059821673,-1.0
0.48751548994228616,-0.9999451693655121
0.4842435739024051,-0.9997806834748455
0.48097165786252394,-0.9995065603657316
0.4776997418226428,-0.9991228300988584
0.4744278257827617,-0.9986295347545738
0.4711559097428806,-0.9980267284282716
0.46788399370299955,-0.9973144772244581
0.4646120776631184,-0.9964928592495044
0.46134016162323727,-0.99556196460308
0.4580682455833562,-0.9945218953682733
0.45479632954347504,-0.9933727656003964
0.45152441350359396,-0.9921147013144779
0.4482524974637128,-0.9907478404714436
0.4449805814238317,-0.9892723329629883
0.4417086653839506,-0.9876883405951378
0.43843674934406945,-0.9859960370705049
0.4351648333041883,-0.9841956079692419
0.43189291726430723,-0.9822872507286886
0.4286210012244261,-0.9802711746217219
0.42534908518454495,-0.9781476007338056
0.42207716914466387,-0.9759167619387473
0.4188052531047828,-0.9735789028731603
0.4155333370649017,-0.9711342799096361
0.41226142102502056,-0.9685831611286311
0.4089895049851394,-0.9659258262890683
0.40571758894525833,-0.9631625667976582
0.4024456729053772,-0.9602936856769431
0.3991737568654961,-0.9573194975320672
0.39590184082561497,-0.9542403285162768
0.39262992478573383,-0.9510565162951535
0.38935800874585275,-0.9477684100095857
0.3860860927059716,-0.944376370237481
0.38281417666609047,-0.9408807689542255
0.3795422606262094,-0.9372819894918915
0.3762703445863283,-0.9335804264972017
0.3729984285464471,-0.9297764858882513
0.3697265125065661,-0.9258705848099947
0.36645459646668493,-0.9218631515885005
0.36318268042680385,-0.9177546256839811
0.3599107643869227,-0.9135454576426009
0.35663884834704157,-0.9092361090470685
0.3533669323071605,-0.9048270524660196
0.35009501626727935,-0.9003187714021935
0.3468231002273982,-0.8957117602394129
0.3435511841875171,-0.8910065241883678
0.340279268147636,-0.8862035792312147
0.3370073521077549,-0.8813034520649922
0.3337354360678738,-0.8763066800438637
0.3304635200279926,-0.8712138111201894
0.3271916039881116,-0.8660254037844387
0.3239196879482304,-0.8607420270039435
0.32064777190834937,-0.8553642601605067
0.31737585586846817,-0.8498926929868639
0.3141039398285871,-0.8443279255020151
0.310832023788706,-0.838670567945424
0.30756010774882486,-0.8329212407100995
0.3042881917089437,-0.8270805742745618
0.30101627566906264,-0.821149209133704
0.2977443596291815,-0.8151277957285542
0.29447244358930036,-0.8090169943749475
0.2912005275494193,-0.8028174751911146
0.2879286115095382,-0.7965299180241963
0.28465669546965705,-0.7901550123756904
0.2813847794297759,-0.7836934573258398
0.2781128633898948,-0.7771459614569709
0.2748409473500137,-0.7705132427757893
0.2715690313101326,-0.7637960286346421
0.2682971152702515,-0.7569950556517565
0.2650251992303704,-0.7501110696304596
0.26175328319048924,-0.7431448254773942
0.25848136715060815,-0.7360970871197343
0.255209451110727,-0.7289686274214116
0.2519375350708459,-0.7217602280983622
0.24866561903096476,-0.7144726796328034
0.24539370299108368,-0.7071067811865476
0.24212178695120257,-0.6996633405133654
0.23884987091132145,-0.6921431738704068
0.23557795487144031,-0.6845471059286887
0.2323060388315592,-0.6768759696826607
0.2290341227916781,-0.6691306063588582
0.22576220675179698,-0.6613118653236518
0.2224902907119159,-0.6534206039901055
0.21921837467203475,-0.6454576877239506
0.21594645863215364,-0.6374239897486897
0.21267454259227253,-0.6293203910498375
0.2094026265523914,-0.6211477802783104
0.20613071051251028,-0.6129070536529765
0.20285879447262917,-0.6045991148623748
0.19958687843274808,-0.5962248749656159
0.19631496239286694,-0.5877852522924732
0.19304304635298583,-0.5792811723426788
0.18977113031310472,-0.5707135676844317
0.1864992142732236,-0.5620833778521306
0.18322729823334247,-0.5533915492433441
0.17995538219346136,-0.5446390350150271
0.17668346615358027,-0.5358267949789968
0.17341155011369916,-0.5269557954966776
0.17013963407381802,-0.5180270093731303
0.1668677180339369,-0.5090414157503713
0.1635958019940558,-0.5
0.16032388595417468,-0.4909037536151409
0.15705196991429354,-0.4817536741017153
0.15378005387441243,-0.472550764869054
0.15050813783453132,-0.4632960351198617
0.14723622179465018,-0.45399049973954675
0.14396430575476907,-0.44463517918492745
0.140692389714888,-0.4352310993723277
0.1374204736750069,-0.42577929156507277
0.1341485576351258,-0.4162807922604013
0.13087664159524465,-0.4067366430758003
0.12760472555536354,-0.39714789063478073
0.12433280951548242,-0.38751558645210304
0.1210608934756013,-0.3778407868184672
0.11778897743572019,-0.36812455268467803
0.11451706139583906,-0.3583679495453003
0.11124514535595795,-0.34857204732181524
0.10797322931607682,-0.3387379202452914
0.1047013132761957,-0.32886664673858323
0.10142939723631458,-0.31895930929807
0.09815748119643346,-0.3090169943749474
0.09488556515655241,-0.2990407922560869
0.09161364911667129,-0.2890317969444718
0.08834173307679016,-0.2789911060392294
0.08506981703690905,-0.26891982061526587
0.08179790099702793,-0.2588190451025209
0.07852598495714681,-0.2486898871648549
0.07525406891726569,-0.238533457578581
0.07198215287738458,-0.22835087011065583
0.06871023683750345,-0.21814324139654262
0.06543832079762232,-0.2079116908177594
0.06216640475774121,-0.19765734037912622
0.05889448871786009,-0.18738131458572466
0.055622572677978974,-0.17708474031958332
0.05235065663809785,-0.16676874671610228
0.04907874059821673,-0.15643446504023087
0.04580682455833568,-0.14608302856241182
0.04253490851845456,-0.13571557243430457
0.03926299247857344,-0.12533323356430442
0.03599107643869232,-0.11493715049286676
0.032719160398811196,-0.10452846326765361
0.02944724435893008,-0.09410831331851445
0.02617532831904896,-0.08367784333231561
0.02290341227916784,-0.07323819712763179
0.01963149623928672,-0.06279051952931346
0.016359580199405598,-0.052335956242943904
0.01308766415952448,-0.041875653729199686
0.00981574811964336,-0.031410759078128334
0.00654383207976224,-0.02094241988335699
0.00327191603988112,-0.010471784116245808
6.937671918666301e-17,-2.220446049250313e-16
-0.0032719160398810504,0.010471784116245586
-0.00654383207976217,0.020942419883356767
-0.009815748119643291,0.03141075907812812
-0.01308766415952441,0.041875653729199463
-0.01635958019940553,0.05233595624294368
-0.01963149623928665,0.06279051952931324
-0.02290341227916777,0.07323819712763156
-0.02617532831904889,0.08367784333231539
-0.02944724435893001,0.09410831331851423
-0.03271916039881113,0.10452846326765339
-0.03599107643869225,0.11493715049286654
-0.03926299247857337,0.1253332335643042
-0.04253490851845449,0.13571557243430435
-0.04580682455833554,0.14608302856241137
-0.04907874059821666,0.15643446504023065
-0.05235065663809778,0.16676874671610206
-0.055622572677978904,0.1770847403195831
-0.05889448871786002,0.18738131458572446
-0.06216640475774114,0.197657340379126
-0.06543832079762225,0.20791169081775918
-0.06871023683750338,0.21814324139654243
-0.0719821528773845,0.2283508701106556
-0.07525406891726562,0.23853345757858077
-0.07852598495714674,0.24868988716485468
-0.08179790099702786,0.2588190451025207
-0.08506981703690898,0.26891982061526565
-0.0883417330767901,0.2789911060392292
-0.09161364911667115,0.28903179694447134
-0.09488556515655228,0.29904079225608643
-0.09815748119643339,0.3090169943749472
-0.10142939723631451,0.31895930929806976
-0.10470131327619563,0.32886664673858307
-0.10797322931607675,0.3387379202452912
-0.11124514535595788,0.34857204732181507
-0.11451706139583899,0.3583679495453001
-0.11778897743572012,0.3681245526846778
-0.12106089347560123,0.377840786818467
-0.12433280951548235,0.3875155864521029
-0.12760472555536348,0.3971478906347805
-0.1308766415952446,0.40673664307580015
-0.1341485576351257,0.4162807922604011
-0.13742047367500676,0.4257792915650724
-0.14069238971488796,0.43523109937232746
-0.143964305754769,0.44463517918492723
-0.14723622179465018,0.45399049973954675
-0.15050813783453124,0.4632960351198615
-0.15378005387441243,0.472550764869054
-0.1570519699142935,0.4817536741017151
-0.16032388595417468,0.4909037536151409
-0.1635958019940557,0.49999999999999983
-0.16686771803393677,0.509041415750371
-0.17013963407381796,0.5180270093731301
-0.17341155011369902,0.5269557954966773
-0.1766834661535802,0.5358267949789965
-0.17995538219346124,0.5446390350150269
-0.18322729823334244,0.553391549243344
-0.1864992142732235,0.5620833778521304
-0.1897711303131047,0.5707135676844316
-0.19304304635298572,0.5792811723426786
-0.19631496239286692,0.5877852522924731
-0.19958687843274797,0.5962248749656156
-0.20285879447262917,0.6045991148623748
-0.20613071051251022,0.6129070536529764
-0.20940262655239125,0.6211477802783101
-0.21267454259227245,0.6293203910498373
-0.2159464586321535,0.6374239897486894
-0.2192183746720347,0.6454576877239504
-0.22249029071191576,0.6534206039901052
-0.22576220675179692,0.6613118653236518
-0.22903412279167798,0.669130606358858
-0.23230603883155918,0.6768759696826606
-0.23557795487144023,0.6845471059286885
-0.2388498709113214,0.6921431738704068
-0.24212178695120246,0.6996633405133652
-0.24539370299108365,0.7071067811865475
-0.2486656190309647,0.7144726796328033
-0.2519375350708459,0.7217602280983622
-0.25520945111072696,0.7289686274214113
-0.258481367150608,0.7360970871197341
-0.2617532831904892,0.7431448254773941
-0.2650251992303702,0.7501110696304593
-0.2682971152702514,0.7569950556517563
-0.2715690313101325,0.7637960286346419
-0.2748409473500137,0.7705132427757891
-0.2781128633898947,0.7771459614569707
-0.2813847794297759,0.7836934573258397
-0.28465669546965694,0.7901550123756902
-0.28792861150953813,0.7965299180241963
-0.2912005275494192,0.8028174751911143
-0.29447244358930036,0.8090169943749475
-0.29774435962918144,0.8151277957285541
-0.30101627566906247,0.8211492091337038
-0.30428819170894367,0.8270805742745617
-0.3075601077488247,0.8329212407100992
-0.3108320237887059,0.8386705679454239
-0.314103939828587,0.8443279255020149
-0.31737585586846817,0.8498926929868639
-0.3206477719083492,0.8553642601605065
-0.3239196879482304,0.8607420270039435
-0.3271916039881114,0.8660254037844385
-0.3304635200279926,0.8712138111201894
-0.3337354360678737,0.8763066800438635
-0.3370073521077549,0.8813034520649922
-0.3402792681476359,0.8862035792312146
-0.3435511841875171,0.8910065241883678
-0.34682310022739815,0.8957117602394128
-0.35009501626727924,0.9003187714021933
-0.3533669323071604,0.9048270524660195
-0.35663884834704146,0.9092361090470684
-0.35991076438692265,0.9135454576426009
-0.3631826804268037,0.917754625683981
-0.3664545964666849,0.9218631515885005
-0.3697265125065659,0.9258705848099946
-0.3729984285464471,0.9297764858882513
-0.3762703445863282,0.9335804264972016
-0.3795422606262094,0.9372819894918915
-0.3828141766660904,0.9408807689542253
-0.3860860927059716,0.944376370237481
-0.38935800874585264,0.9477684100095856
-0.39262992478573383,0.9510565162951535
-0.3959018408256149,0.9542403285162768
-0.39917375686549594,0.9573194975320671
-0.40244567290537714,0.960293685676943
-0.40571758894525817,0.963162566797658
-0.40898950498513936,0.9659258262890682
-0.41226142102502045,0.968583161128631
-0.4155333370649016,0.971134279909636
-0.41880525310478267,0.9735789028731602
-0.42207716914466387,0.9759167619387473
-0.4253490851845449,0.9781476007338056
-0.4286210012244261,0.9802711746217219
-0.4318929172643071,0.9822872507286886
-0.4351648333041883,0.9841956079692419
-0.4384367493440694,0.9859960370705049
-0.4417086653839504,0.9876883405951377
-0.4449805814238316,0.9892723329629883
-0.44825249746371265,0.9907478404714436
-0.45152441350359385,0.9921147013144778
-0.45479632954347493,0.9933727656003963
-0.4580682455833561,0.9945218953682733
-0.46134016162323715,0.99556196460308
-0.46461207766311835,0.9964928592495044
-0.4678839937029994,0.9973144772244581
-0.4711559097428806,0.9980267284282716
-0.47442782578276166,0.9986295347545738
-0.4776997418226428,0.9991228300988584
-0.4809716578625239,0.9995065603657316
-0.4842435739024051,0.9997806834748455
-0.4875154899422861,0.9999451693655121
-0.4907874059821673,1.0
