delta_phi_rad,normalized_order_empirical,ci_low,ci_high
-1.5707963267948966,1.018604056756242,0.9363726320909801,1.112955177946362
-1.5603243512829306,1.0185399488780624,0.9363422747593201,1.112839361995214
-1.5498523757709646,1.0183476404225058,0.9362511853841224,1.1125143009849365
-1.5393804002589986,1.0180271769168137,0.9360993118470783,1.11197312930181
-1.5289084247470326,1.0175786342073756,0.9358865673587957,1.1112158983236728
-1.5184364492350666,1.0170021184112423,0.9356128305704026,1.1102430169884516
-1.5079644737231006,1.016297765848307,0.935322630770876,1.1090550104449437
-1.4974924982111348,1.0154657429542147,0.9350134327592453,1.1075576148855792
-1.4870205226991688,1.014506246174089,0.9346961294116546,1.10582742711425
-1.4765485471872029,1.0134195018371623,0.9344168477677788,1.1039584801028337
-1.4660765716752369,1.0122057660124384,0.9341028427372907,1.1019744172172259
-1.4556045961632709,1.0108653243455104,0.933567501017488,1.0999088063035254
-1.4451326206513049,1.0093984918766936,0.9329263702766555,1.0972048243069417
-1.4346606451393389,1.0078056128406359,0.9322320638163727,1.0944824486079787
-1.424188669627373,1.006087060447596,0.9316151242367455,1.0917050228181817
-1.413716694115407,1.004243236646587,0.9309041986672137,1.088712525297973
-1.403244718603441,1.00227457187061,0.9300370642159687,1.0851979762320252
-1.392772743091475,1.0001815247642094,0.9290981652817173,1.0816664855414488
-1.382300767579509,0.9979645818936047,0.928258607071435,1.0778334160529945
-1.371828792067543,0.9956242574396651,0.9274113832204167,1.0737067219228371
-1.361356816555577,0.9931610928740121,0.9264354177261165,1.0691760873289884
-1.350884841043611,0.9905756566185507,0.9254029158657474,1.064914561704619
-1.3404128655316452,0.9878685436887407,0.9240428387772819,1.0605503421390232
-1.3299408900196792,0.9850403753209388,0.9228905374602893,1.0562323647032057
-1.3194689145077132,0.9820917985841613,0.9219577752477037,1.0515946119246393
-1.3089969389957472,0.9790234859766153,0.920688249393628,1.0464475099620376
-1.2985249634837812,0.9758361350073803,0.9193588170867167,1.041297125977991
-1.2880529879718152,0.9725304677636213,0.9179712972003123,1.0360385669362209
-1.2775810124598492,0.9691072304637343,0.916418612021534,1.0305105232311005
-1.2671090369478832,0.9655671929968341,0.9147668583933021,1.024748414926761
-1.2566370614359172,0.9619111484490116,0.9131668448399457,1.01857932525446
-1.2461650859239513,0.9581399126167934,0.911267812947313,1.0123997290757203
-1.2356931104119853,0.9542543235082546,0.9093744400458539,1.0061594725719207
-1.2252211349000193,0.9502552408322407,0.9077219830319025,0.9997351975998884
-1.2147491593880533,0.9461435454761701,0.9061544077439526,0.9929834984044322
-1.2042771838760875,0.9419201389728964,0.9042730452884916,0.9861288331647503
-1.1938052083641213,0.9375859429571177,0.9022361949585387,0.9795482136809522
-1.1833332328521555,0.933141898611835,0.9002024312975547,0.9726414435615587
-1.1728612573401895,0.9285889661053633,0.8977925575168777,0.9659447458409692
-1.1623892818282235,0.9239281240194146,0.895434725520898,0.9589005679844878
-1.1519173063162575,0.9191603687687712,0.8932503299939408,0.9518992679902727
-1.1414453308042916,0.9142867140130858,0.8906118857341799,0.9446392766663038
-1.1309733552923256,0.9093081900613397,0.887676570615294,0.9374222615351465
-1.1205013797803596,0.904225843269506,0.8846973269376668,0.9301150376365183
-1.1100294042683936,0.8990407354319665,0.8817790585920009,0.9223134684689558
-1.0995574287564276,0.8937539431672341,0.8782897840159752,0.9150933570398495
-1.0890854532444616,0.8883665572985433,0.874706980421003,0.9074182192615567
-1.0786134777324956,0.882879682229866,0.8708072557565246,0.9000475312218824
-1.0681415022205298,0.8772944353179257,0.8656570731279724,0.8927545196238332
-1.0576695267085636,0.8716119462407718,0.8598735557277271,0.885216010249651
-1.0471975511965979,0.8658333563634923,0.853889911346427,0.8783500550087974
-1.0367255756846316,0.8599598181016322,0.8468745226173723,0.8720347329663499
-1.0262536001726659,0.853992494282898,0.8393657040668109,0.8663799488901802
-1.0157816246606997,0.8479325575077156,0.8315159881089631,0.8613845247605088
-1.0053096491487339,0.8417811895092283,0.823113795227176,0.8566941949701037
-0.9948376736367679,0.8355395805132968,0.8144914242089358,0.852253070736554
-0.9843656981248019,0.8292089285990856,0.8059268379831274,0.8481971822672083
-0.9738937226128359,0.8227904390608025,0.7968880980643821,0.8437896095435062
-0.9634217471008699,0.8162853237711633,0.7878429994048645,0.8395264169332811
-0.9529497715889039,0.8096948005471484,0.7785721828447656,0.8349107530137142
-0.9424777960769379,0.8030200925186168,0.7698132267783662,0.8304714150688639
-0.932005820564972,0.7962624275003373,0.760593743548102,0.825840921579254
-0.9215338450530061,0.7894230373679926,0.751395503098447,0.8211579405632605
-0.9110618695410401,0.7825031574387087,0.7421018038761137,0.8164892037712123
-0.9005898940290741,0.7755040258566552,0.7329930193581616,0.8119699139102066
-0.8901179185171081,0.7684268829842561,0.723653378578354,0.8071681574773003
-0.8796459430051421,0.7612729707995451,0.7142208333692367,0.8023730958902183
-0.8691739674931761,0.7540435323001925,0.7046747407182355,0.7971530185393997
-0.8587019919812102,0.7467398109147211,0.6951090869954474,0.7924394808696132
-0.8482300164692442,0.7393630499214235,0.6858621431020497,0.7871463955654363
-0.8377580409572782,0.7319144918754845,0.6761584667515503,0.7818924313685128
-0.8272860654453122,0.7243953780447997,0.6668427527569584,0.7762639525092595
-0.8168140899333463,0.7168069478549755,0.6568192297620613,0.771022855928315
-0.8063421144213803,0.7091504383439855,0.6467690401239132,0.7655925648946463
-0.7958701389094143,0.7014270836269476,0.6371446053281717,0.7600343890835404
-0.7853981633974484,0.6936381143714719,0.6274739288618008,0.7541896064471714
-0.7749261878854824,0.6857847572840241,0.6173040863030393,0.7482039414460853
-0.7644542123735164,0.6778682346077334,0.6074149771085816,0.7420345020207098
-0.7539822368615504,0.669889763632063,0.597164757242674,0.7358034459540791
-0.7435102613495844,0.6618505562147481,0.5875282782446679,0.7293112737646257
-0.7330382858376184,0.6537518183163943,0.5777385408991624,0.7226678152562444
-0.7225663103256524,0.6455947495481151,0.568126287472264,0.7160074363721313
-0.7120943348136866,0.6373805427325758,0.5586489060856553,0.709221333337527
-0.7016223593017206,0.6291103834787917,0.5491293229633268,0.7021482386986025
-0.6911503837897546,0.6207854497710219,0.5395287781754983,0.6951442729922013
-0.6806784082777886,0.6124069115720786,0.5294906508609029,0.6878859162409757
-0.6702064327658226,0.60397593044136,0.5201628775806336,0.6806966895793445
-0.6597344572538566,0.5954936591678985,0.5107371427988391,0.6732142594328587
-0.6492624817418906,0.5869612414187031,0.5010248190755726,0.665602522659718
-0.6387905062299247,0.5783798114026536,0.49133483613351736,0.6578673261754406
-0.6283185307179587,0.5697504935501931,0.48168562563273715,0.6500330825618301
-0.6178465552059927,0.5610744022090488,0.47207926940065154,0.6420354209977388
-0.6073745796940268,0.5523526413561899,0.46251775014404733,0.6340209131793599
-0.5969026041820608,0.5435863043262191,0.4528998892289996,0.6257654776176673
-0.5864306286700948,0.5347764735563783,0.4435366510793738,0.6173851272757942
-0.5759586531581288,0.525924220348325,0.434120531397588,0.608897779503227
-0.5654866776461629,0.51703060464683,0.42477149554313565,0.6003056744653813
-0.5550147021341969,0.5080966748355151,0.4156778597519385,0.5915319389562989
-0.5445427266222309,0.49912346754974907,0.40672615934666145,0.5827797503181399
-0.5340707511102649,0.49011200750678413,0.39747355206604396,0.5738437651263991
-0.5235987755982989,0.48106330735321623,0.3882916783065047,0.5647901301714573
-0.5131268000863329,0.47197836752981814,0.37945621806279384,0.5557165080305263
-0.5026548245743669,0.46285817615378805,0.37070020670238246,0.5466276866670475
-0.49218284906240095,0.4537037089184334,0.3619043986786281,0.5371977569476813
-0.48171087355043496,0.4445159290102932,0.3529561635825362,0.5275998179345286
-0.47123889803846897,0.43529578704368305,0.34407010301415497,0.5178939805874961
-0.460766922526503,0.42604422101263245,0.3354426214926087,0.5080815325213174
-0.4502949470145372,0.41676215626016244,0.3268718751152447,0.49818911896995405
-0.4398229715025712,0.4074505054648356,0.3182865865383856,0.4882764264373346
-0.4293509959906052,0.39811016864449617,0.30968255281083656,0.47825462700068555
-0.41887902047863923,0.38874203317709227,0.30113965900278533,0.46812529518146523
-0.40840704496667324,0.3793469738384645,0.29265792716059297,0.45784814741601587
-0.39793506945470725,0.36992585285696106,0.2842372796739793,0.4474573074746503
-0.38746309394274125,0.36047951998472577,0.2758775402790392,0.43696771433115594
-0.37699111843077526,0.35100881258548644,0.267582967019466,0.4263864067406549
-0.36651914291880927,0.3415145557386577,0.25935062761318606,0.415731921003961
-0.3560471674068433,0.3319975623595499,0.251177576545108,0.404982131593773
-0.3455751918948773,0.3224586333354671,0.2430632627265763,0.3941390375279709
-0.3351032163829113,0.312898557677453,0.23500704347811177,0.3832046963086205
-0.3246312408709453,0.3033181126874351,0.22700818611228685,0.37218122283930494
-0.3141592653589793,0.29371806414049567,0.2190658696090099,0.3610707882893878
-0.30368728984701354,0.2840991664819884,0.21117918638146388,0.349875618906226
-0.29321531433504755,0.2744621630391973,0.2033730802140583,0.33859799477639574
-0.28274333882308156,0.26480778624723067,0.19564564953226807,0.3272402485370556
-0.27227136331111557,0.2551367578888154,0.18796525005036127,0.31584296038659493
-0.2617993877991496,0.2454497893476528,0.18033079368290328,0.30437302338617395
-0.2513274122871836,0.23574758187498027,0.17274112162391567,0.29282550222347253
-0.2408554367752176,0.2260308268689679,0.16519500644377294,0.2812030735786705
-0.2303834612632516,0.216300206166569,0.15769115425650188,0.2695084645807502
-0.2199114857512856,0.20655639234742906,0.1502282069552388,0.2577444510748962
-0.20943951023931962,0.19680004904944634,0.14280474451353412,0.24591385584428802
-0.19896753472735362,0.1870318312955652,0.13541928735012682,0.2340195467879337
-0.18849555921538763,0.1772523858313721,0.1280702987547509,0.22206443505623838
-0.17802358370342164,0.1674623514730534,0.1207561873724724,0.210046006318639
-0.16755160819145565,0.15766235946526252,0.11347530974399997,0.19795816332412436
-0.15707963267948966,0.14785303384843604,0.10622597289935568,0.1858198305137631
-0.14660765716752389,0.13803499183508744,0.09900643700223959,0.17363659944342566
-0.1361356816555579,0.12820884419459655,0.09181491804237106,0.1614113298908537
-0.1256637061435919,0.11837519564601001,0.08464959057304497,0.14914690893931448
-0.11519173063162591,0.10853464525835092,0.07750859049109113,0.13684624913484406
-0.10471975511965992,0.09868778685793714,0.0703900178563883,0.12451228661980865
-0.09424777960769393,0.08883520944219478,0.06329129653786178,0.11214797924451243
-0.08377580409572793,0.0789774975994497,0.05620526979032268,0.09975630465860642
-0.07330382858376194,0.06911523193417268,0.04913808781967883,0.0873402583840703
-0.06283185307179595,0.05924898949714852,0.0420874538436303,0.0749028518715583
-0.05235987755982996,0.049379344220034885,0.03505104761648681,0.062447110541916304
-0.04188790204786397,0.039506867353771784,0.02802652873644801,0.04997607181469145
-0.031415926535897976,0.029632127910298726,0.02101153997344592,0.03749278312546932
-0.020943951023931984,0.019755693107033578,0.014003710614153784,0.02500029993388326
-0.010471975511965992,0.009878128813563921,0.007000659820748469,0.012501683724150999
-2.220446049250313e-16,2.0945485361463886e-16,1.4843142380872554e-16,2.650927664964122e-16
0.01047197551196577,-0.009878128813563711,-0.012501683724150735,-0.00700065982074832
0.02094395102393176,-0.019755693107033366,-0.025000299933882995,-0.014003710614153642
0.031415926535897754,-0.029632127910298525,-0.03749278312546906,-0.021011539973445778
0.041887902047863745,-0.039506867353771576,-0.049976071814691186,-0.02802652873644787
0.05235987755982974,-0.04937934422003468,-0.06244711054191604,-0.03505104761648666
0.06283185307179573,-0.059248989497148304,-0.07490285187155804,-0.04208745384363016
0.07330382858376172,-0.06911523193417247,-0.08734025838407002,-0.04913808781967869
0.08377580409572771,-0.0789774975994495,-0.09975630465860616,-0.056205269790322525
0.0942477796076937,-0.08883520944219457,-0.11214797924451218,-0.06329129653786163
0.1047197551196597,-0.09868778685793693,-0.1245122866198084,-0.07039001785638818
0.11519173063162569,-0.10853464525835071,-0.1368462491348438,-0.07750859049109098
0.12566370614359168,-0.1183751956460098,-0.1491469089393142,-0.08464959057304483
0.13613568165555767,-0.12820884419459633,-0.16141132989085344,-0.09181491804237091
0.14660765716752344,-0.138034991835087,-0.1736365994434251,-0.09900643700223928
0.15707963267948943,-0.14785303384843582,-0.18581983051376286,-0.10622597289935552
0.16755160819145543,-0.1576623594652623,-0.1979581633241241,-0.11347530974399983
0.17802358370342142,-0.16746235147305322,-0.21004600631863876,-0.12075618737247225
0.1884955592153874,-0.17725238583137193,-0.22206443505623813,-0.1280702987547508
0.1989675347273534,-0.18703183129556497,-0.23401954678793346,-0.1354192873501267
0.2094395102393194,-0.19680004904944612,-0.24591385584428774,-0.14280474451353398
0.21991148575128538,-0.20655639234742887,-0.25774445107489596,-0.15022820695523872
0.23038346126325138,-0.21630020616656878,-0.2695084645807499,-0.1576911542565017
0.24085543677521737,-0.2260308268689677,-0.28120307357867025,-0.1651950064437728
0.25132741228718336,-0.23574758187498004,-0.29282550222347226,-0.17274112162391547
0.26179938779914935,-0.24544978934765257,-0.30437302338617367,-0.18033079368290308
0.27227136331111534,-0.2551367578888152,-0.31584296038659465,-0.1879652500503611
0.28274333882308134,-0.26480778624723056,-0.32724024853705547,-0.19564564953226796
0.2932153143350471,-0.2744621630391969,-0.33859799477639524,-0.20337308021405803
0.3036872898470131,-0.28409916648198796,-0.34987561890622554,-0.21117918638146352
0.3141592653589791,-0.29371806414049545,-0.36107078828938755,-0.21906586960900973
0.3246312408709451,-0.30331811268743486,-0.37218122283930466,-0.22700818611228665
0.3351032163829111,-0.31289855767745284,-0.38320469630862025,-0.2350070434781117
0.34557519189487707,-0.32245863333546687,-0.39413903752797064,-0.24306326272657613
0.35604716740684306,-0.33199756235954975,-0.40498213159377283,-0.25117757654510786
0.36651914291880905,-0.34151455573865747,-0.4157319210039608,-0.2593506276131859
0.37699111843077504,-0.3510088125854862,-0.42638640674065464,-0.26758296701946577
0.38746309394274103,-0.36047951998472555,-0.4369677143311557,-0.27587754027903905
0.397935069454707,-0.3699258528569609,-0.44745730747465007,-0.2842372796739792
0.408407044966673,-0.3793469738384643,-0.4578481474160156,-0.2926579271605928
0.418879020478639,-0.3887420331770921,-0.46812529518146506,-0.30113965900278516
0.429350995990605,-0.39811016864449594,-0.47825462700068533,-0.3096825528108364
0.43982297150257077,-0.4074505054648352,-0.48827642643733415,-0.3182865865383852
0.450294947014537,-0.4167621562601622,-0.49818911896995377,-0.3268718751152445
0.46076692252650275,-0.42604422101263223,-0.5080815325213172,-0.33544262149260845
0.47123889803846897,-0.43529578704368305,-0.5178939805874961,-0.34407010301415497
0.48171087355043474,-0.44451592901029297,-0.5275998179345283,-0.35295616358253595
0.49218284906240095,-0.4537037089184334,-0.5371977569476813,-0.3619043986786281
0.5026548245743667,-0.4628581761537878,-0.5466276866670473,-0.37070020670238224
0.5131268000863329,-0.47197836752981814,-0.5557165080305263,-0.37945621806279384
0.5235987755982987,-0.48106330735321606,-0.5647901301714571,-0.38829167830650446
0.5340707511102645,-0.4901120075067838,-0.5738437651263988,-0.3974735520660436
0.5445427266222307,-0.49912346754974884,-0.5827797503181397,-0.40672615934666123
0.5550147021341965,-0.5080966748355148,-0.5915319389562985,-0.41567785975193816
0.5654866776461627,-0.5170306046468298,-0.6003056744653811,-0.42477149554313537
0.5759586531581284,-0.5259242203483248,-0.6088977795032268,-0.4341205313975878
0.5864306286700947,-0.5347764735563781,-0.6173851272757941,-0.4435366510793736
0.5969026041820604,-0.5435863043262189,-0.6257654776176671,-0.4528998892289994
0.6073745796940266,-0.5523526413561898,-0.6340209131793598,-0.4625177501440472
0.6178465552059924,-0.5610744022090486,-0.6420354209977386,-0.47207926940065126
0.6283185307179586,-0.569750493550193,-0.65003308256183,-0.481685625632737
0.6387905062299244,-0.5783798114026533,-0.6578673261754403,-0.49133483613351703
0.6492624817418906,-0.5869612414187031,-0.665602522659718,-0.5010248190755726
0.6597344572538564,-0.5954936591678984,-0.6732142594328586,-0.5107371427988391
0.6702064327658221,-0.6039759304413597,-0.6806966895793441,-0.5201628775806333
0.6806784082777884,-0.6124069115720784,-0.6878859162409756,-0.5294906508609026
0.6911503837897541,-0.6207854497710216,-0.6951442729922009,-0.5395287781754979
0.7016223593017203,-0.6291103834787914,-0.7021482386986023,-0.5491293229633267
0.7120943348136861,-0.6373805427325755,-0.7092213333375268,-0.5586489060856549
0.7225663103256523,-0.6455947495481151,-0.7160074363721313,-0.568126287472264
0.7330382858376181,-0.6537518183163941,-0.7226678152562441,-0.5777385408991621
0.7435102613495843,-0.661850556214748,-0.7293112737646257,-0.5875282782446679
0.7539822368615501,-0.6698897636320628,-0.7358034459540789,-0.5971647572426738
0.7644542123735163,-0.6778682346077334,-0.7420345020207098,-0.6074149771085816
0.7749261878854821,-0.6857847572840239,-0.748203941446085,-0.6173040863030391
0.7853981633974483,-0.6936381143714718,-0.7541896064471714,-0.6274739288618006
0.795870138909414,-0.7014270836269475,-0.7600343890835403,-0.6371446053281715
0.8063421144213803,-0.7091504383439855,-0.7655925648946463,-0.6467690401239132
0.816814089933346,-0.7168069478549752,-0.7710228559283149,-0.6568192297620611
0.8272860654453118,-0.7243953780447995,-0.7762639525092594,-0.666842752756958
0.837758040957278,-0.7319144918754844,-0.7818924313685127,-0.6761584667515502
0.8482300164692438,-0.7393630499214232,-0.7871463955654361,-0.6858621431020493
0.85870199198121,-0.7467398109147209,-0.7924394808696131,-0.695109086995447
0.8691739674931758,-0.7540435323001923,-0.7971530185393995,-0.7046747407182353
0.879645943005142,-0.761272970799545,-0.8023730958902183,-0.7142208333692366
0.8901179185171078,-0.7684268829842559,-0.8071681574773001,-0.7236533785783537
0.900589894029074,-0.7755040258566551,-0.8119699139102066,-0.7329930193581615
0.9110618695410397,-0.7825031574387085,-0.8164892037712121,-0.7421018038761135
0.921533845053006,-0.7894230373679926,-0.8211579405632605,-0.751395503098447
0.9320058205649717,-0.796262427500337,-0.8258409215792538,-0.7605937435481018
0.9424777960769379,-0.8030200925186168,-0.8304714150688639,-0.7698132267783662
0.9529497715889037,-0.8096948005471483,-0.8349107530137141,-0.7785721828447655
0.9634217471008695,-0.816285323771163,-0.839526416933281,-0.7878429994048641
0.9738937226128357,-0.8227904390608024,-0.8437896095435061,-0.7968880980643819
0.9843656981248015,-0.8292089285990852,-0.848197182267208,-0.8059268379831268
0.9948376736367677,-0.8355395805132967,-0.8522530707365539,-0.8144914242089357
1.0053096491487334,-0.8417811895092281,-0.8566941949701036,-0.8231137952271756
1.0157816246606997,-0.8479325575077156,-0.8613845247605088,-0.8315159881089631
1.0262536001726654,-0.8539924942828978,-0.8663799488901799,-0.8393657040668109
1.0367255756846316,-0.8599598181016322,-0.8720347329663499,-0.8468745226173723
1.0471975511965974,-0.8658333563634921,-0.8783500550087973,-0.8538899113464268
1.0576695267085636,-0.8716119462407718,-0.885216010249651,-0.8598735557277271
1.0681415022205294,-0.8772944353179255,-0.8927545196238329,-0.865657073127972
1.0786134777324956,-0.882879682229866,-0.9000475312218824,-0.8708072557565246
1.0890854532444614,-0.8883665572985432,-0.9074182192615565,-0.8747069804210029
1.0995574287564276,-0.8937539431672341,-0.9150933570398495,-0.8782897840159752
1.1100294042683934,-0.8990407354319664,-0.9223134684689557,-0.8817790585920008
1.1205013797803591,-0.9042258432695057,-0.9301150376365179,-0.8846973269376667
1.1309733552923253,-0.9093081900613396,-0.9374222615351463,-0.8876765706152941
1.1414453308042911,-0.9142867140130857,-0.9446392766663035,-0.89061188573418
1.1519173063162573,-0.9191603687687712,-0.9518992679902726,-0.8932503299939408
1.162389281828223,-0.9239281240194145,-0.9589005679844874,-0.895434725520898
1.1728612573401893,-0.9285889661053633,-0.9659447458409691,-0.8977925575168777
1.183333232852155,-0.9331418986118349,-0.9726414435615585,-0.9002024312975547
1.1938052083641213,-0.9375859429571177,-0.9795482136809522,-0.9022361949585387
1.204277183876087,-0.9419201389728963,-0.9861288331647501,-0.9042730452884915
1.2147491593880533,-0.9461435454761701,-0.9929834984044322,-0.9061544077439526
1.225221134900019,-0.9502552408322406,-0.9997351975998882,-0.9077219830319024
1.2356931104119853,-0.9542543235082546,-1.0061594725719207,-0.9093744400458539
1.246165085923951,-0.9581399126167933,-1.01239972907572,-0.9112678129473128
1.2566370614359172,-0.9619111484490116,-1.01857932525446,-0.9131668448399458
1.267109036947883,-0.9655671929968341,-1.024748414926761,-0.9147668583933022
1.2775810124598488,-0.9691072304637341,-1.0305105232311003,-0.9164186120215339
1.288052987971815,-0.9725304677636212,-1.0360385669362207,-0.9179712972003123
1.2985249634837808,-0.9758361350073801,-1.0412971259779908,-0.9193588170867166
1.308996938995747,-0.9790234859766151,-1.0464475099620374,-0.9206882493936279
1.3194689145077128,-0.9820917985841612,-1.051594611924639,-0.9219577752477037
1.329940890019679,-0.9850403753209387,-1.0562323647032055,-0.9228905374602892
1.3404128655316447,-0.9878685436887406,-1.060550342139023,-0.9240428387772818
1.350884841043611,-0.9905756566185507,-1.064914561704619,-0.9254029158657474
1.3613568165555767,-0.9931610928740121,-1.0691760873289882,-0.9264354177261165
1.371828792067543,-0.9956242574396651,-1.0737067219228371,-0.9274113832204167
1.3823007675795087,-0.9979645818936047,-1.0778334160529945,-0.928258607071435
1.392772743091475,-1.0001815247642094,-1.0816664855414488,-0.9290981652817173
1.4032447186034407,-1.00227457187061,-1.0851979762320252,-0.9300370642159687
1.4137166941154065,-1.004243236646587,-1.0887125252979728,-0.9309041986672136
1.4241886696273727,-1.006087060447596,-1.0917050228181817,-0.9316151242367455
1.4346606451393384,-1.0078056128406359,-1.0944824486079787,-0.9322320638163727
1.4451326206513047,-1.0093984918766934,-1.0972048243069414,-0.9329263702766554
1.4556045961632704,-1.0108653243455104,-1.0999088063035252,-0.9335675010174879
1.4660765716752366,-1.0122057660124384,-1.1019744172172259,-0.9341028427372907
1.4765485471872024,-1.0134195018371623,-1.1039584801028337,-0.9344168477677788
1.4870205226991686,-1.014506246174089,-1.10582742711425,-0.9346961294116546
1.4974924982111344,-1.0154657429542147,-1.107557614885579,-0.9350134327592454
1.5079644737231006,-1.016297765848307,-1.1090550104449437,-0.935322630770876
1.5184364492350664,-1.0170021184112423,-1.1102430169884516,-0.9356128305704026
1.5289084247470326,-1.0175786342073756,-1.1112158983236728,-0.9358865673587957
1.5393804002589984,-1.0180271769168137,-1.11197312930181,-0.9360993118470783
1.5498523757709646,-1.0183476404225058,-1.1125143009849365,-0.9362511853841224
1.5603243512829303,-1.0185399488780624,-1.112839361995214,-0.9363422747593201
1.5707963267948966,-1.018604056756242,-1.1129551779463622,-0.9363726320909801
