task_index,q_left_index,q_right_index,q_left,q_right,replicate,seed,late_center_m,final_center_m,score
0,0,0,0.1,0.1,0,610000,-1.6085456890521426,-0.9383242055303902,-0.9999999999954502
1,0,0,0.1,0.1,1,610001,-0.3751775676836783,1.2792361644084171,-0.9961578961328896
2,0,0,0.1,0.1,2,610002,-1.1608851038268266,0.2025187246535827,-0.9999999920884164
3,0,0,0.1,0.1,3,610003,-1.994734656109608,-0.0418291099227552,-0.9999999999999928
4,0,0,0.1,0.1,4,610004,-0.288193062344563,-1.1456661087425153,-0.9837268760534948
5,0,0,0.1,0.1,5,610005,0.0575431589287463,0.0126318532394057,0.4458641790936193
6,0,0,0.1,0.1,6,610006,-0.6154830588686798,2.020289960556864,-0.9999298544980516
7,0,0,0.1,0.1,7,610007,0.3375303504803586,-0.7593129812015434,0.9928164164483216
8,0,0,0.1,0.1,8,610008,0.9503284799110108,-0.5388633725215441,0.9999997355625112
9,0,0,0.1,0.1,9,610009,1.120945195785764,1.2680885710267271,0.9999999846057652
10,0,1,0.1,0.1833333333333333,0,610000,-0.4724309555511232,0.1348884084847028,-0.9992391562726268
11,0,1,0.1,0.1833333333333333,1,610001,-0.589434652343739,0.28069104079609,-0.999891723003492
12,0,1,0.1,0.1833333333333333,2,610002,-0.9416878238439208,-0.0925153246735307,-0.9999996946020132
13,0,1,0.1,0.1833333333333333,3,610003,-1.1820079605066969,-0.0455179394061063,-0.9999999944362056
14,0,1,0.1,0.1833333333333333,4,610004,-0.6576440111331143,-0.0728911240375829,-0.9999652594758246
15,0,1,0.1,0.1833333333333333,5,610005,-0.6320257604292736,0.2214743205143997,-0.99994675688807
16,0,1,0.1,0.1833333333333333,6,610006,-0.7955800504201422,0.7423031733372938,-0.999996513185781
17,0,1,0.1,0.1833333333333333,7,610007,0.2666115245106745,-0.4069914884199979,0.9767642702027636
18,0,1,0.1,0.1833333333333333,8,610008,0.7791552861910903,-0.715844992927424,0.9999954152571932
19,0,1,0.1,0.1833333333333333,9,610009,0.8004755887811803,0.5455937500804287,0.9999967863854916
20,1,1,0.1833333333333333,0.1833333333333333,0,610000,-0.0897565210600531,-0.2672637977625824,-0.6339369247615396
21,1,1,0.1833333333333333,0.1833333333333333,1,610001,-0.211569859445147,-0.6956700990342106,-0.9428462507182324
22,1,1,0.1833333333333333,0.1833333333333333,2,610002,-0.456741764006387,0.2328348308738464,-0.9990118832837378
23,1,1,0.1833333333333333,0.1833333333333333,3,610003,-0.9635462156545038,-1.044753383635532,-0.9999997878466595
24,1,1,0.1833333333333333,0.1833333333333333,4,610004,0.6800215977905851,0.5458190079393366,0.9999760743171284
25,1,1,0.1833333333333333,0.1833333333333333,5,610005,-0.0184193059839789,-0.0011452532802017,-0.1523000042299099
26,1,1,0.1833333333333333,0.1833333333333333,6,610006,-0.7833510533816095,-0.580607362785146,-0.999995724911896
27,1,1,0.1833333333333333,0.1833333333333333,7,610007,0.0957486348548344,0.3704854246487109,0.6628640826216003
28,1,1,0.1833333333333333,0.1833333333333333,8,610008,0.5760240855284617,0.4735069423553858,0.9998646060585664
29,1,1,0.1833333333333333,0.1833333333333333,9,610009,0.6610717460062242,0.5683288619770871,0.9999671885053972
30,0,2,0.1,0.2666666666666666,0,610000,-0.4749717595946474,0.8552215309489487,-0.9992706913544877
31,0,2,0.1,0.2666666666666666,1,610001,-0.4590496665308217,0.8718498959052843,-0.9990491518023692
32,0,2,0.1,0.2666666666666666,2,610002,-0.8331260550486492,-0.7491899772999276,-0.9999981350717972
33,0,2,0.1,0.2666666666666666,3,610003,-1.400847327683543,-1.1624855429212129,-0.999999999855003
34,0,2,0.1,0.2666666666666666,4,610004,-1.260672873807766,-0.3618490974836469,-0.9999999985004
35,0,2,0.1,0.2666666666666666,5,610005,-0.7775618840060606,0.5514440379649447,-0.9999952918707088
36,0,2,0.1,0.2666666666666666,6,610006,-0.9184735451543824,0.006331752590602,-0.9999995503271252
37,0,2,0.1,0.2666666666666666,7,610007,0.1956634693311862,0.417131173761158,0.9261368667255442
38,0,2,0.1,0.2666666666666666,8,610008,1.1918832817002896,0.8366669543089433,0.9999999952805528
39,0,2,0.1,0.2666666666666666,9,610009,0.8635891044395917,1.1286327438028003,0.9999988775593832
40,1,2,0.1833333333333333,0.2666666666666666,0,610000,-0.1186342772775987,0.3889212339741819,-0.756772836762427
41,1,2,0.1833333333333333,0.2666666666666666,1,610001,-0.1537607718319682,-0.2865549628573176,-0.8568414645921711
42,1,2,0.1833333333333333,0.2666666666666666,2,610002,-0.1170999169489934,-0.1558237935542876,-0.7512562208255995
43,1,2,0.1833333333333333,0.2666666666666666,3,610003,-1.062386585279359,-2.106054547506075,-0.9999999591474228
44,1,2,0.1833333333333333,0.2666666666666666,4,610004,0.1614436340740627,0.0875536987581432,0.8729545136833414
45,1,2,0.1833333333333333,0.2666666666666666,5,610005,-0.001307890910371,0.7434903429815979,-0.0108986593719295
46,1,2,0.1833333333333333,0.2666666666666666,6,610006,-0.6402862633176134,-0.8020771061324908,-0.9999536047622772
47,1,2,0.1833333333333333,0.2666666666666666,7,610007,0.1884785609620395,1.2226726546542888,0.9171298339135696
48,1,2,0.1833333333333333,0.2666666666666666,8,610008,0.2020761700091545,0.9583966947448234,0.9333745871557424
49,1,2,0.1833333333333333,0.2666666666666666,9,610009,0.6802615804889601,1.214360939537881,0.9999761698207
50,2,2,0.2666666666666666,0.2666666666666666,0,610000,-0.003871915530501,-0.1070839097000294,-0.0322547701328173
51,2,2,0.2666666666666666,0.2666666666666666,1,610001,-0.0281534285757035,-0.6879069541188751,-0.2304000521727783
52,2,2,0.2666666666666666,0.2666666666666666,2,610002,-0.6451073868308204,-1.4352985860610998,-0.999957186796364
53,2,2,0.2666666666666666,0.2666666666666666,3,610003,-0.7161987138662262,-1.3619430355044606,-0.9999869079397148
54,2,2,0.2666666666666666,0.2666666666666666,4,610004,0.1164493179151876,0.2650196538446588,0.7488848343863501
55,2,2,0.2666666666666666,0.2666666666666666,5,610005,-0.0436062555108484,-0.0680929151404555,-0.3481925495112817
56,2,2,0.2666666666666666,0.2666666666666666,6,610006,-0.6363021243934459,-1.17103116719401,-0.9999504195034636
57,2,2,0.2666666666666666,0.2666666666666666,7,610007,0.0364990771300997,0.3550331553950664,0.2951140176330692
58,2,2,0.2666666666666666,0.2666666666666666,8,610008,0.2945805213463069,1.019748231706901,0.9853582171119448
59,2,2,0.2666666666666666,0.2666666666666666,9,610009,0.4969349016993571,0.5648040174163415,0.9994941923589096
60,0,3,0.1,0.35,0,610000,-0.5876585724472313,0.6393075136910259,-0.9998884701318014
61,0,3,0.1,0.35,1,610001,-0.6037899159570442,0.957541897690482,-0.9999147617861576
62,0,3,0.1,0.35,2,610002,-0.1979669639304712,0.4718060854104746,-0.928819834078575
63,0,3,0.1,0.35,3,610003,-0.8752826580336933,-0.5259755862928818,-0.999999076317632
64,0,3,0.1,0.35,4,610004,-1.3078243552706024,-0.6546672621090964,-0.9999999993165894
65,0,3,0.1,0.35,5,610005,-0.5967260725035762,0.594571441306084,-0.9999041125361848
66,0,3,0.1,0.35,6,610006,-0.83006653164237,0.2344324197984672,-0.999998037509042
67,0,3,0.1,0.35,7,610007,0.198814560177331,0.1638209533531816,0.9297832445542512
68,0,3,0.1,0.35,8,610008,1.159756246116595,0.7051304108447939,0.9999999919381564
69,0,3,0.1,0.35,9,610009,0.7998600501381866,1.3873047139609724,0.9999967532474562
70,1,3,0.1833333333333333,0.35,0,610000,-0.2952224399110906,0.3672977117038895,-0.9855129007067402
71,1,3,0.1833333333333333,0.35,1,610001,-0.2503724603741075,0.2349318824995936,-0.969651784829064
72,1,3,0.1833333333333333,0.35,2,610002,0.4330836316673597,1.0799517839784496,0.9985346282312756
73,1,3,0.1833333333333333,0.35,3,610003,-0.3996308895546192,-1.0923488724120172,-0.9974423011544724
74,1,3,0.1833333333333333,0.35,4,610004,-0.0767802843374013,-0.4723169373952953,-0.5647876743983141
75,1,3,0.1833333333333333,0.35,5,610005,-0.0239275137097819,0.4895208085446093,-0.1967947307365868
76,1,3,0.1833333333333333,0.35,6,610006,-0.5870828919046889,-0.8646445703455399,-0.999887394949368
77,1,3,0.1833333333333333,0.35,7,610007,0.4552264462384305,1.266317678240172,0.9989866231140504
78,1,3,0.1833333333333333,0.35,8,610008,0.2210649890289727,0.7601948676975102,0.9510066647826828
79,1,3,0.1833333333333333,0.35,9,610009,0.9584779650112596,1.7540954207328874,0.9999997691472292
80,2,3,0.2666666666666666,0.35,0,610000,-0.1817092008618584,-0.3334016284226173,-0.9076891894152728
81,2,3,0.2666666666666666,0.35,1,610001,-0.1587178361343097,-0.3075237459570013,-0.8674410958958859
82,2,3,0.2666666666666666,0.35,2,610002,-0.2056812647118691,-0.3998908065848525,-0.9371377577376054
83,2,3,0.2666666666666666,0.35,3,610003,-0.1529295228966575,-0.5684170665698104,-0.8549891261739575
84,2,3,0.2666666666666666,0.35,4,610004,0.1391660576733306,0.0902366411026647,0.8209476800557353
85,2,3,0.2666666666666666,0.35,5,610005,-0.0593479883689934,-0.4422589329904746,-0.4578333343358309
86,2,3,0.2666666666666666,0.35,6,610006,-0.6261762153350926,-1.4123041474701394,-0.9999413047892508
87,2,3,0.2666666666666666,0.35,7,610007,0.2007501905660927,0.5570301268910042,0.9319364642112344
88,2,3,0.2666666666666666,0.35,8,610008,0.3539177903175396,1.0968231498800722,0.9945286073832846
89,2,3,0.2666666666666666,0.35,9,610009,0.3274636974094509,0.6724041775657762,0.9915097367948374
90,3,3,0.35,0.35,0,610000,-0.2836300976433735,-0.2776464252024039,-0.9824523224128412
91,3,3,0.35,0.35,1,610001,0.0321685536274953,0.2867896276122426,0.2618292472163976
92,3,3,0.35,0.35,2,610002,-0.2828766829183983,-0.4484130621099393,-0.9822325583570842
93,3,3,0.35,0.35,3,610003,-0.1046712454844314,-0.0386368790281712,-0.7025207517269444
94,3,3,0.35,0.35,4,610004,0.1267855671995223,0.295858545206664,0.7843384611699551
95,3,3,0.35,0.35,5,610005,0.0051909126289142,0.0197928596449397,0.043230643916383
96,3,3,0.35,0.35,6,610006,-0.2610993678585019,-0.81986422140542,-0.9745569356604016
97,3,3,0.35,0.35,7,610007,0.1857862283545645,0.088139678472293,0.9134910821528668
98,3,3,0.35,0.35,8,610008,0.1025406039776196,0.1162643970880195,0.693415682395422
99,3,3,0.35,0.35,9,610009,0.252632770171537,0.2116212669803743,0.970757385733504
100,0,4,0.1,0.4333333333333333,0,610000,-0.4455117327752007,0.7235301010208038,-0.99880862149227
101,0,4,0.1,0.4333333333333333,1,610001,-0.7078184684596783,0.7156530764553852,-0.9999849455182596
102,0,4,0.1,0.4333333333333333,2,610002,-0.2076544835240025,0.6643212859374752,-0.939109565046132
103,0,4,0.1,0.4333333333333333,3,610003,-1.1703817760054285,-0.4467096642124232,-0.999999993246573
104,0,4,0.1,0.4333333333333333,4,610004,-1.449552801015369,-1.2539498230950166,-0.9999999999356102
105,0,4,0.1,0.4333333333333333,5,610005,-0.904092779971038,0.1183090297260285,-0.999999428537004
106,0,4,0.1,0.4333333333333333,6,610006,-0.9527375473898206,0.4687479154729009,-0.9999997459696452
107,0,4,0.1,0.4333333333333333,7,610007,0.2890994543462627,0.0911269995452112,0.983968903377518
108,0,4,0.1,0.4333333333333333,8,610008,0.9093712380304344,0.0458367659482713,0.999999476663084
109,0,4,0.1,0.4333333333333333,9,610009,0.4476675767695768,0.748167533580261,0.9988506445153714
110,1,4,0.1833333333333333,0.4333333333333333,0,610000,-0.329619815467583,0.0399218675516085,-0.9918081926306092
111,1,4,0.1833333333333333,0.4333333333333333,1,610001,-0.5500972476468131,-0.2437008645663973,-0.9997914318204102
112,1,4,0.1833333333333333,0.4333333333333333,2,610002,0.178818077090751,1.0674273876020035,0.9033524576586092
113,1,4,0.1833333333333333,0.4333333333333333,3,610003,-0.7935589787696423,-1.3612497326382396,-0.9999963937337552
114,1,4,0.1833333333333333,0.4333333333333333,4,610004,-0.1201773885228935,-0.6912098740360243,-0.762214279259531
115,1,4,0.1833333333333333,0.4333333333333333,5,610005,-0.386130056738373,-0.1909587717521005,-0.9967979245006
116,1,4,0.1833333333333333,0.4333333333333333,6,610006,-0.6010529507153295,-0.4325930666076176,-0.999910783682829
117,1,4,0.1833333333333333,0.4333333333333333,7,610007,0.3931464905207888,0.9316591838562348,0.997150808302016
118,1,4,0.1833333333333333,0.4333333333333333,8,610008,0.42977079623976,0.8549353278097123,0.9984515083782588
119,1,4,0.1833333333333333,0.4333333333333333,9,610009,0.768737658292858,1.161690390426684,0.9999945459377032
120,2,4,0.2666666666666666,0.4333333333333333,0,610000,0.0850356856593399,-0.3241162126172832,0.6098174712719513
121,2,4,0.2666666666666666,0.4333333333333333,1,610001,-0.1650990722839938,-0.5004885756879011,-0.8800130719161943
122,2,4,0.2666666666666666,0.4333333333333333,2,610002,-0.1249179206187519,-0.2327938044104541,-0.7782758174815501
123,2,4,0.2666666666666666,0.4333333333333333,3,610003,-0.3243484159564053,-0.5612512703442907,-0.9910592887036682
124,2,4,0.2666666666666666,0.4333333333333333,4,610004,0.0440867612549322,-0.262537632364723,0.3517063829783651
125,2,4,0.2666666666666666,0.4333333333333333,5,610005,-0.2807138713295989,-0.9201189864832446,-0.9815864187763608
126,2,4,0.2666666666666666,0.4333333333333333,6,610006,-0.5080919105443301,-0.5971428276296149,-0.9995800023111372
127,2,4,0.2666666666666666,0.4333333333333333,7,610007,0.2597444555395347,0.372739952996332,0.973983406270234
128,2,4,0.2666666666666666,0.4333333333333333,8,610008,0.1550942288739056,0.5457757351393485,0.8597673454896892
129,2,4,0.2666666666666666,0.4333333333333333,9,610009,-0.1022914304921504,-0.0134582569780649,-0.6923360914468865
130,3,4,0.35,0.4333333333333333,0,610000,-0.0460110949019427,-0.246738810800078,-0.3656788688960642
131,3,4,0.35,0.4333333333333333,1,610001,-0.0357719428920934,0.0485128517320719,-0.2895724553985186
132,3,4,0.35,0.4333333333333333,2,610002,-0.2676500893929434,-0.252287699438024,-0.9771584523134478
133,3,4,0.35,0.4333333333333333,3,610003,-0.5433040484131029,-0.2889828164374923,-0.9997664319488816
134,3,4,0.35,0.4333333333333333,4,610004,-0.1295172164589677,-0.1879179736217175,-0.7929431316404694
135,3,4,0.35,0.4333333333333333,5,610005,-0.1424617288262404,-0.3023216633895196,-0.8297025608191336
136,3,4,0.35,0.4333333333333333,6,610006,-0.32336448363564,-0.2470456725176051,-0.9909121340565192
137,3,4,0.35,0.4333333333333333,7,610007,0.0093673967922889,-0.4195445190510946,0.0779034661511015
138,3,4,0.35,0.4333333333333333,8,610008,0.0635854211992479,-0.3625248725668865,0.485288217537041
139,3,4,0.35,0.4333333333333333,9,610009,-0.1328051816650767,-0.4393786161827078,-0.8028962954337241
140,4,4,0.4333333333333333,0.4333333333333333,0,610000,-0.1579078951663342,-0.2052060219765671,-0.8657604683235601
141,4,4,0.4333333333333333,0.4333333333333333,1,610001,-0.1588071509582116,0.0018591829847274,-0.8676252230051092
142,4,4,0.4333333333333333,0.4333333333333333,2,610002,-0.2318284329607143,0.0096019324725119,-0.9588869941778566
143,4,4,0.4333333333333333,0.4333333333333333,3,610003,-0.4208011256940599,-0.1569009854101716,-0.9982020430691309
144,4,4,0.4333333333333333,0.4333333333333333,4,610004,-0.0152849837846552,0.1097592797221023,-0.1266904478266675
145,4,4,0.4333333333333333,0.4333333333333333,5,610005,-0.0973523537211329,-0.1570527275900614,-0.6702900456752565
146,4,4,0.4333333333333333,0.4333333333333333,6,610006,-0.2060551425300725,0.1208265759589641,-0.9375160532808636
147,4,4,0.4333333333333333,0.4333333333333333,7,610007,0.1031560963975076,0.0302622097535031,0.6960691226254994
148,4,4,0.4333333333333333,0.4333333333333333,8,610008,0.0480640065869214,-0.1386848252968814,0.3804052573918308
149,4,4,0.4333333333333333,0.4333333333333333,9,610009,0.0331967826716135,0.0496658756321409,0.2697923475867322
150,0,5,0.1,0.5166666666666666,0,610000,-0.5342325516004817,0.3860868850103375,-0.9997283142611624
151,0,5,0.1,0.5166666666666666,1,610001,-0.581669871845764,0.7313828218466821,-0.9998767643649622
152,0,5,0.1,0.5166666666666666,2,610002,-0.1671363724518184,0.5732553846071172,-0.8837860729059422
153,0,5,0.1,0.5166666666666666,3,610003,-1.3662755221362122,-0.6019344740735054,-0.9999999997420128
154,0,5,0.1,0.5166666666666666,4,610004,-1.2985628452840194,-0.7773122546437103,-0.999999999202522
155,0,5,0.1,0.5166666666666666,5,610005,-0.7609896503937645,0.0693766321047831,-0.9999937941413112
156,0,5,0.1,0.5166666666666666,6,610006,-1.0121822931762985,0.411718426153343,-0.9999999056786014
157,0,5,0.1,0.5166666666666666,7,610007,0.2293672011074191,-0.1211490093198611,0.9572022879961176
158,0,5,0.1,0.5166666666666666,8,610008,1.0619750679624604,0.0396505309829255,0.9999999588662672
159,0,5,0.1,0.5166666666666666,9,610009,0.6391766712198922,0.8755187257228513,0.9999527388035716
160,1,5,0.1833333333333333,0.5166666666666666,0,610000,-0.2684782802926868,-0.1800407212136021,-0.9774680447444652
161,1,5,0.1833333333333333,0.5166666666666666,1,610001,-0.2921606201717975,-0.1680507689909668,-0.9847602108370836
162,1,5,0.1833333333333333,0.5166666666666666,2,610002,0.1835099562652545,0.8204410262942465,0.9102960984804284
163,1,5,0.1833333333333333,0.5166666666666666,3,610003,-0.7664190873786633,-1.1303800496008636,-0.9999943310526512
164,1,5,0.1833333333333333,0.5166666666666666,4,610004,0.0494258316248857,-0.3206616710696561,0.3900694371704246
165,1,5,0.1833333333333333,0.5166666666666666,5,610005,-0.2509112376073062,-0.2348816279807751,-0.9699189999761852
166,1,5,0.1833333333333333,0.5166666666666666,6,610006,-0.836315559777181,-0.6232318937905881,-0.9999982316194376
167,1,5,0.1833333333333333,0.5166666666666666,7,610007,0.1965904683814157,0.8810257800902578,0.9272280765857518
168,1,5,0.1833333333333333,0.5166666666666666,8,610008,0.6384792038005489,0.7316843536214229,0.9999521862254728
169,1,5,0.1833333333333333,0.5166666666666666,9,610009,0.8390754184727391,1.253125314761004,0.999998311118313
170,2,5,0.2666666666666666,0.5166666666666666,0,610000,-0.0190434338939299,-0.4763228821721242,-0.1573763630363153
171,2,5,0.2666666666666666,0.5166666666666666,1,610001,-0.1357176344747158,-0.7428169640063853,-0.8113544965956805
172,2,5,0.2666666666666666,0.5166666666666666,2,610002,-0.0537936862810215,-0.2255522513495169,-0.4204847296917962
173,2,5,0.2666666666666666,0.5166666666666666,3,610003,-0.4129154392071661,-0.4254295504865651,-0.997949768259116
174,2,5,0.2666666666666666,0.5166666666666666,4,610004,0.0549932388451314,-0.2069219496675413,0.4286788710315753
175,2,5,0.2666666666666666,0.5166666666666666,5,610005,-0.135466026739884,-0.7468564412067511,-0.8106368155719705
176,2,5,0.2666666666666666,0.5166666666666666,6,610006,-0.6049459411489873,-0.7363892652792384,-0.999916388290229
177,2,5,0.2666666666666666,0.5166666666666666,7,610007,0.2118186619165528,0.158532027944953,0.9430760283919012
178,2,5,0.2666666666666666,0.5166666666666666,8,610008,0.2899738415096246,0.2609893754589039,0.9841990000380756
179,2,5,0.2666666666666666,0.5166666666666666,9,610009,0.4136818521078615,0.4949978907722396,0.9979757641042328
180,3,5,0.35,0.5166666666666666,0,610000,-0.2116730769908689,-0.5661647794041889,-0.9429416847497036
181,3,5,0.35,0.5166666666666666,1,610001,-0.0410971394585295,-0.2047745407278679,-0.3296862141402875
182,3,5,0.35,0.5166666666666666,2,610002,-0.2820372491486583,-0.3701368464614134,-0.981984489701049
183,3,5,0.35,0.5166666666666666,3,610003,-0.5168300311068159,-0.1626635196634497,-0.9996369130538024
184,3,5,0.35,0.5166666666666666,4,610004,-0.0709582836338106,0.0029595963862027,-0.5308436049963504
185,3,5,0.35,0.5166666666666666,5,610005,-0.0721845849996705,-0.3524321923115647,-0.5381432175194886
186,3,5,0.35,0.5166666666666666,6,610006,-0.3209379586767391,-0.338048786024018,-0.9905388430143904
187,3,5,0.35,0.5166666666666666,7,610007,0.0181742152160244,-0.5323473137297206,0.1503043377624566
188,3,5,0.35,0.5166666666666666,8,610008,0.0951807834114232,-0.4276867487968301,0.6602028893274312
189,3,5,0.35,0.5166666666666666,9,610009,0.0016252779611954,-0.4288713391300803,0.0135431549036772
190,4,5,0.4333333333333333,0.5166666666666666,0,610000,-0.2414396155015543,-0.3367073018963371,-0.9648654334260378
191,4,5,0.4333333333333333,0.5166666666666666,1,610001,-0.0747479143940671,-0.0976919760793617,-0.5531434536877506
192,4,5,0.4333333333333333,0.5166666666666666,2,610002,-0.1720752971132158,-0.061249931542765,-0.8924754295670843
193,4,5,0.4333333333333333,0.5166666666666666,3,610003,-0.5250978576884687,-0.106483629811519,-0.9996836438656362
194,4,5,0.4333333333333333,0.5166666666666666,4,610004,0.0574268516921169,0.3828594081576663,0.4450872939852555
195,4,5,0.4333333333333333,0.5166666666666666,5,610005,-0.1077237104888479,-0.329472479491172,-0.7151749355605925
196,4,5,0.4333333333333333,0.5166666666666666,6,610006,-0.3822260701968171,-0.1095243162923864,-0.9965830169807977
197,4,5,0.4333333333333333,0.5166666666666666,7,610007,0.049052868802928,-0.1090371104234428,0.3874311223270026
198,4,5,0.4333333333333333,0.5166666666666666,8,610008,0.2186367703207765,-0.173049580305523,0.9490347833234254
199,4,5,0.4333333333333333,0.5166666666666666,9,610009,0.3558265197080838,0.2935396676250366,0.9946994707100844
200,5,5,0.5166666666666666,0.5166666666666666,0,610000,-0.1582500906514779,-0.0110814351481334,-0.8664729230852175
201,5,5,0.5166666666666666,0.5166666666666666,1,610001,-0.0145471625870571,0.1168405080139122,-0.1206359844439368
202,5,5,0.5166666666666666,0.5166666666666666,2,610002,-0.268605637140518,0.0193165592186332,-0.9775152835541664
203,5,5,0.5166666666666666,0.5166666666666666,3,610003,-0.4232598883026583,-0.4519281095839144,-0.9982741706791796
204,5,5,0.5166666666666666,0.5166666666666666,4,610004,0.0200909973011486,-0.1398858243332376,0.1658779511009655
205,5,5,0.5166666666666666,0.5166666666666666,5,610005,0.0854753395566443,0.0990189182460559,0.6121136355842229
206,5,5,0.5166666666666666,0.5166666666666666,6,610006,-0.547696034081407,-0.2598834500970378,-0.9997829165251704
207,5,5,0.5166666666666666,0.5166666666666666,7,610007,0.0756931297195593,0.0499136350941251,0.5585863761974064
208,5,5,0.5166666666666666,0.5166666666666666,8,610008,0.1916085915837983,-0.0435948540836304,0.9211760960017596
209,5,5,0.5166666666666666,0.5166666666666666,9,610009,0.169550643506525,0.1875952375982275,0.8881130311860733
210,0,6,0.1,0.6,0,610000,-0.4731473599384569,0.4991354587563376,-0.9992481833879616
211,0,6,0.1,0.6,1,610001,-0.6071261471431929,0.5856217075388322,-0.9999193718128752
212,0,6,0.1,0.6,2,610002,-0.1546899709801398,0.2373920667762464,-0.8588862091698581
213,0,6,0.1,0.6,3,610003,-1.1602849880999908,-0.5455862899725341,-0.9999999920088884
214,0,6,0.1,0.6,4,610004,-1.3755994806209433,-0.7348768337224275,-0.999999999779144
215,0,6,0.1,0.6,5,610005,-0.9661123087949184,0.0738754674096484,-0.9999997967287888
216,0,6,0.1,0.6,6,610006,-1.0309376052165382,0.1666878633119839,-0.9999999309990988
217,0,6,0.1,0.6,7,610007,0.0422803385505094,-0.1438507865003931,0.3384457359456218
218,0,6,0.1,0.6,8,610008,1.11156404822993,0.449473543957869,0.999999982000472
219,0,6,0.1,0.6,9,610009,0.5825378724494211,0.6843862363293499,0.9998785342338528
220,1,6,0.1833333333333333,0.6,0,610000,-0.1052130526386629,0.1754117615333991,-0.7048002237613005
221,1,6,0.1833333333333333,0.6,1,610001,-0.2401651780580181,-0.3497592969270966,-0.964124700855332
222,1,6,0.1833333333333333,0.6,2,610002,0.310744613616175,0.6179811123397366,0.988796702338393
223,1,6,0.1833333333333333,0.6,3,610003,-0.8187866473768391,-1.4073891605358235,-0.9999976316051876
224,1,6,0.1833333333333333,0.6,4,610004,-0.0610770514260294,-0.29425880859743,-0.4691465182616292
225,1,6,0.1833333333333333,0.6,5,610005,-0.218476983602174,0.1997890006106708,-0.9489023486204796
226,1,6,0.1833333333333333,0.6,6,610006,-0.5615280846049188,-0.4097275968486684,-0.9998276081421617
227,1,6,0.1833333333333333,0.6,7,610007,-0.0962834788179884,0.5104825671280476,-0.665355368521096
228,1,6,0.1833333333333333,0.6,8,610008,0.7997796788154682,1.2120725251674005,0.9999967488954524
229,1,6,0.1833333333333333,0.6,9,610009,0.7021869054942633,1.0939000745289702,0.999983464090012
230,2,6,0.2666666666666666,0.6,0,610000,-0.185252485930764,-0.5412423393070859,-0.912751812141794
231,2,6,0.2666666666666666,0.6,1,610001,-0.2712808885605458,-0.8754149254822025,-0.9784852517759596
232,2,6,0.2666666666666666,0.6,2,610002,-0.0860080275106571,-0.6183910381964317,-0.6148819185410378
233,2,6,0.2666666666666666,0.6,3,610003,-0.4153578645425195,-0.6006385693787987,-0.9980314708597732
234,2,6,0.2666666666666666,0.6,4,610004,-0.0717228594969582,-0.0202939729249865,-0.5354041372413471
235,2,6,0.2666666666666666,0.6,5,610005,-0.474320075770945,-0.9745007127344838,-0.9992627298052764
236,2,6,0.2666666666666666,0.6,6,610006,-0.6705191085179514,-1.0973893189449089,-0.9999719686017656
237,2,6,0.2666666666666666,0.6,7,610007,0.1044176271104551,0.1961367544412542,0.7014487556020044
238,2,6,0.2666666666666666,0.6,8,610008,0.6918277591597077,1.2238443315735026,0.9999803478792292
239,2,6,0.2666666666666666,0.6,9,610009,0.3220884464453821,0.1358991506398793,0.9907176965726354
240,3,6,0.35,0.6,0,610000,-0.0904776900008693,-0.4161374632693233,-0.6375178094900125
241,3,6,0.35,0.6,1,610001,0.0691307231212655,-0.1483401211478291,0.5198172875653851
242,3,6,0.35,0.6,2,610002,-0.1215808155841805,-0.6302379045479536,-0.7670714033473894
243,3,6,0.35,0.6,3,610003,-0.350517517512535,-0.1224800936728001,-0.994210506036142
244,3,6,0.35,0.6,4,610004,-0.0050566823608996,0.2988814967512647,-0.0421140953339316
245,3,6,0.35,0.6,5,610005,-0.2286066833214237,-0.2822526128693902,-0.9566681897170332
246,3,6,0.35,0.6,6,610006,-0.3236486533463471,-0.4639150946656322,-0.9909548796971722
247,3,6,0.35,0.6,7,610007,-0.1196966371014082,-0.4263691908427523,-0.7605304048716265
248,3,6,0.35,0.6,8,610008,0.2779552172286124,0.1481444181093792,0.9807283910025508
249,3,6,0.35,0.6,9,610009,-0.1305776040771557,-0.6164373873069297,-0.7962007176407049
250,4,6,0.4333333333333333,0.6,0,610000,-0.1908769056811438,-0.2236243457093819,-0.9202475373308312
251,4,6,0.4333333333333333,0.6,1,610001,-0.070664883081331,-0.145903485430537,-0.5290853116891963
252,4,6,0.4333333333333333,0.6,2,610002,-0.0718819833944151,-0.2063925978640063,-0.5363493808030438
253,4,6,0.4333333333333333,0.6,3,610003,-0.3598864809065305,-0.0419629914656917,-0.9950454116991446
254,4,6,0.4333333333333333,0.6,4,610004,0.0130262653549308,0.4728522083180063,0.1081278334734729
255,4,6,0.4333333333333333,0.6,5,610005,-0.2126150717856299,-0.1169406404452274,-0.9438055266812284
256,4,6,0.4333333333333333,0.6,6,610006,-0.29777371814494,-0.2198942429949738,-0.9861118099862306
257,4,6,0.4333333333333333,0.6,7,610007,-0.0553450952539166,-0.0608064002986716,-0.4310691706535706
258,4,6,0.4333333333333333,0.6,8,610008,0.2314899420674308,0.1027458901617881,0.9586592068991184
259,4,6,0.4333333333333333,0.6,9,610009,0.1850200548726268,0.0258834336731307,0.9124279979419262
260,5,6,0.5166666666666666,0.6,0,610000,-0.1150980806322009,0.1503446657075713,-0.7438977833855652
261,5,6,0.5166666666666666,0.6,1,610001,-0.0460893024670629,-0.0112615279144723,-0.3662433140334074
262,5,6,0.5166666666666666,0.6,2,610002,-0.1852664854920325,-0.227912608898507,-0.9127712792737164
263,5,6,0.5166666666666666,0.6,3,610003,-0.2536261062471331,-0.4114009687512816,-0.9712306225799928
264,5,6,0.5166666666666666,0.6,4,610004,-0.0833242854057483,-0.1756448331247274,-0.6007814200098024
265,5,6,0.5166666666666666,0.6,5,610005,0.0306411135784501,0.3537107419995486,0.2499341875364542
266,5,6,0.5166666666666666,0.6,6,610006,-0.4702085320367679,-0.4126505609376626,-0.9992104572172452
267,5,6,0.5166666666666666,0.6,7,610007,-0.0407533267590691,0.0359287565130043,-0.3271301178003529
268,5,6,0.5166666666666666,0.6,8,610008,0.2066735487460659,0.3027681762089737,0.938136935678208
269,5,6,0.5166666666666666,0.6,9,610009,0.0954648814264449,0.0480795394424066,0.6615363760918582
270,6,6,0.6,0.6,0,610000,-0.1855516175184737,-0.3017897261169961,-0.9131668695344026
271,6,6,0.6,0.6,1,610001,-0.1066554298301314,-0.4199378224680348,-0.7107981721168809
272,6,6,0.6,0.6,2,610002,-0.166734544052884,-0.3578802492738449,-0.8830508235091965
273,6,6,0.6,0.6,3,610003,-0.2110502576638007,-0.2807737315866463,-0.94236347382925
274,6,6,0.6,0.6,4,610004,0.0613502711946842,-0.0084003505937558,0.47092032480343
275,6,6,0.6,0.6,5,610005,0.0026623345113475,0.0055977739680281,0.0221824814643533
276,6,6,0.6,0.6,6,610006,-0.3381192333218311,-0.4020196107749647,-0.9928863268559112
277,6,6,0.6,0.6,7,610007,-0.0106948633624667,0.1771589512712578,-0.0888886365492863
278,6,6,0.6,0.6,8,610008,0.182670053333214,0.3476819878096608,0.9090890391322336
279,6,6,0.6,0.6,9,610009,0.0960012403467319,0.0954855833327001,0.6640425487469398
280,0,7,0.1,0.6833333333333332,0,610000,-0.4071793178673581,0.844767343750959,-0.997744318785576
281,0,7,0.1,0.6833333333333332,1,610001,-0.6389670644232116,0.7423530027688691,-0.9999525734142992
282,0,7,0.1,0.6833333333333332,2,610002,0.0238231116508912,0.5864733489783206,0.1959582647437967
283,0,7,0.1,0.6833333333333332,3,610003,-1.0172763998300198,-0.5180626520476125,-0.9999999133561264
284,0,7,0.1,0.6833333333333332,4,610004,-1.326742281407785,-0.7253923517871204,-0.9999999995014036
285,0,7,0.1,0.6833333333333332,5,610005,-0.8061011723884176,0.4605106404919813,-0.9999970739987328
286,0,7,0.1,0.6833333333333332,6,610006,-1.0062663618231875,0.1845101498721424,-0.9999998959046886
287,0,7,0.1,0.6833333333333332,7,610007,-0.0605733894133586,-0.1438368854491438,-0.4658666893836294
288,0,7,0.1,0.6833333333333332,8,610008,1.0184014592176185,0.4852676257550843,0.9999999149656476
289,0,7,0.1,0.6833333333333332,9,610009,0.5463193555871834,0.9894984779138564,0.999777878600159
290,1,7,0.1833333333333333,0.6833333333333332,0,610000,-0.1345170861166393,0.3849757731369891,-0.8079080355109644
291,1,7,0.1833333333333333,0.6833333333333332,1,610001,-0.3427475949552354,-0.0897852475518623,-0.9934127006254292
292,1,7,0.1833333333333333,0.6833333333333332,2,610002,0.5178441367268944,1.077706620211202,0.9996429972056432
293,1,7,0.1833333333333333,0.6833333333333332,3,610003,-0.6240133084455551,-1.254873861802434,-0.9999391503841816
294,1,7,0.1833333333333333,0.6833333333333332,4,610004,-0.1132853543745038,-0.4421367039423508,-0.7370750266677393
295,1,7,0.1833333333333333,0.6833333333333332,5,610005,-0.2737136504196522,0.2955258697128613,-0.979331306400846
296,1,7,0.1833333333333333,0.6833333333333332,6,610006,-0.7393634400130588,-0.8986882965235751,-0.999991101085626
297,1,7,0.1833333333333333,0.6833333333333332,7,610007,0.0177642620758489,0.7744910989813927,0.1469635375940017
298,1,7,0.1833333333333333,0.6833333333333332,8,610008,0.6266198842146686,1.2176904740332797,0.999941737196563
299,1,7,0.1833333333333333,0.6833333333333332,9,610009,0.6582488608257699,1.2549583875690071,0.9999656079237856
300,2,7,0.2666666666666666,0.6833333333333332,0,610000,-0.1107082677499057,-0.4004598340241949,-0.7271104263075672
301,2,7,0.2666666666666666,0.6833333333333332,1,610001,-0.3454705061549939,-0.7705135069517444,-0.99370404259126
302,2,7,0.2666666666666666,0.6833333333333332,2,610002,0.0045922695546524,-0.2810695612234726,0.0382502421613896
303,2,7,0.2666666666666666,0.6833333333333332,3,610003,-0.2233133620214701,-0.5619080493759159,-0.9527660567833136
304,2,7,0.2666666666666666,0.6833333333333332,4,610004,0.0100365253285939,-0.0937607731787936,0.0834432325264672
305,2,7,0.2666666666666666,0.6833333333333332,5,610005,-0.3144632621546692,-0.5259582330510912,-0.9894664290897992
306,2,7,0.2666666666666666,0.6833333333333332,6,610006,-0.7393593977414296,-1.158692035659164,-0.999991100486078
307,2,7,0.2666666666666666,0.6833333333333332,7,610007,-0.0929303618146471,0.1100103590240836,-0.6494920733181161
308,2,7,0.2666666666666666,0.6833333333333332,8,610008,0.5773776787101353,1.2352103257828375,0.9998676261339664
309,2,7,0.2666666666666666,0.6833333333333332,9,610009,0.3759750589238771,0.6211205930626197,0.996208529483045
310,3,7,0.35,0.6833333333333332,0,610000,0.0385620525714287,0.0520583102596396,0.3107274838190236
311,3,7,0.35,0.6833333333333332,1,610001,0.04460979807693,0.0884223160769295,0.3555200005122433
312,3,7,0.35,0.6833333333333332,2,610002,0.124321329654382,-0.0837639206801245,0.7763079870151415
313,3,7,0.35,0.6833333333333332,3,610003,-0.1979990634469644,-0.0139587175011431,-0.9288565504711028
314,3,7,0.35,0.6833333333333332,4,610004,-0.1377253324563606,-0.0545796139192162,-0.8169943957909607
315,3,7,0.35,0.6833333333333332,5,610005,-0.045137300294955,0.1611269522545123,-0.3593542240929306
316,3,7,0.35,0.6833333333333332,6,610006,-0.204669067369587,-0.391194807531775,-0.9361024473706218
317,3,7,0.35,0.6833333333333332,7,610007,-0.1118956402494156,-0.383340041578304,-0.731740472589268
318,3,7,0.35,0.6833333333333332,8,610008,0.0839006423971195,-0.1146373114833494,0.6038419624163567
319,3,7,0.35,0.6833333333333332,9,610009,0.0528230571059208,-0.048525563119712,0.4138036961556658
320,4,7,0.4333333333333333,0.6833333333333332,0,610000,-0.1086886220304327,0.0649545003868009,-0.719080584855682
321,4,7,0.4333333333333333,0.6833333333333332,1,610001,-0.1098409107088097,0.0831921749965675,-0.7236858679017901
322,4,7,0.4333333333333333,0.6833333333333332,2,610002,0.0197371015529012,0.0265597887932452,0.1630085713003388
323,4,7,0.4333333333333333,0.6833333333333332,3,610003,-0.2703867939537566,-0.2195266671589416,-0.9781657737184044
324,4,7,0.4333333333333333,0.6833333333333332,4,610004,-0.04078636923408,0.3963973377380937,-0.3273759828459932
325,4,7,0.4333333333333333,0.6833333333333332,5,610005,-0.1768887174922995,-0.0244810735220508,-0.9003515130052918
326,4,7,0.4333333333333333,0.6833333333333332,6,610006,-0.2704030712544955,-0.2391737983446593,-0.978171631646138
327,4,7,0.4333333333333333,0.6833333333333332,7,610007,-0.075279085132818,0.0470341848178446,-0.556208010767444
328,4,7,0.4333333333333333,0.6833333333333332,8,610008,0.1889963656480236,0.3336114150922491,0.9178126700133874
329,4,7,0.4333333333333333,0.6833333333333332,9,610009,0.1005779797380647,0.2120967512158497,0.6848278469167142
330,5,7,0.5166666666666666,0.6833333333333332,0,610000,-0.0549326236915453,0.3454180489171506,-0.4282664803099332
331,5,7,0.5166666666666666,0.6833333333333332,1,610001,-0.0409734154675711,0.2572733099691631,-0.3287669348266578
332,5,7,0.5166666666666666,0.6833333333333332,2,610002,0.0031903898176408,0.1218537586958789,0.0265803193750169
333,5,7,0.5166666666666666,0.6833333333333332,3,610003,-0.2029187391085147,-0.4992961557961819,-0.9342731246447836
334,5,7,0.5166666666666666,0.6833333333333332,4,610004,-0.0594858720179334,-0.1682984726528819,-0.4587410370053131
335,5,7,0.5166666666666666,0.6833333333333332,5,610005,0.1240112567135487,0.5613629679985684,0.7752792071849635
336,5,7,0.5166666666666666,0.6833333333333332,6,610006,-0.5008947914723958,-0.5045806269812213,-0.9995264893376088
337,5,7,0.5166666666666666,0.6833333333333332,7,610007,-0.1233764060126601,0.0519796460287836,-0.7731599622233115
338,5,7,0.5166666666666666,0.6833333333333332,8,610008,0.1996335373852406,0.4673571098057938,0.9307021821267584
339,5,7,0.5166666666666666,0.6833333333333332,9,610009,0.020462233195964,0.2898157607720147,0.1688849080713445
340,6,7,0.6,0.6833333333333332,0,610000,-0.0664244402893084,-0.0275218592059342,-0.5031664263143066
341,6,7,0.6,0.6833333333333332,1,610001,-0.0761986801425521,-0.0825019816292311,-0.5614779645167476
342,6,7,0.6,0.6833333333333332,2,610002,0.0602971992003916,0.1101348215283756,0.4640626902507571
343,6,7,0.6,0.6833333333333332,3,610003,-0.1947892220636433,-0.474438769743564,-0.9250933476185133
344,6,7,0.6,0.6833333333333332,4,610004,0.0817996306257452,0.0617427801979255,0.5925998381392028
345,6,7,0.6,0.6833333333333332,5,610005,0.0728644470177787,0.2076658931628505,0.5421557347709316
346,6,7,0.6,0.6833333333333332,6,610006,-0.3314596709319405,-0.5432627001759193,-0.9920545932440288
347,6,7,0.6,0.6833333333333332,7,610007,-0.0802633525847021,0.2146533357380645,-0.5842303299874748
348,6,7,0.6,0.6833333333333332,8,610008,0.1065189576564202,0.3863653836931364,0.7102350355894204
349,6,7,0.6,0.6833333333333332,9,610009,0.0446698582648677,0.3302617775989065,0.3559571636232497
350,7,7,0.6833333333333332,0.6833333333333332,0,610000,-0.0011049517863215,-0.075202987716613,-0.0092076713269328
351,7,7,0.6833333333333332,0.6833333333333332,1,610001,-0.0476914674580478,-0.1330713636335027,-0.3777468791707579
352,7,7,0.6833333333333332,0.6833333333333332,2,610002,0.0401395686046785,-0.139151657604088,0.3225551917150237
353,7,7,0.6833333333333332,0.6833333333333332,3,610003,-0.1954305918393052,-0.2589528902204148,-0.9258602732990664
354,7,7,0.6833333333333332,0.6833333333333332,4,610004,0.0321102158328586,0.0690213665267184,0.2613763689969904
355,7,7,0.6833333333333332,0.6833333333333332,5,610005,0.0177194003957996,0.0848710816163161,0.1465977446398371
356,7,7,0.6833333333333332,0.6833333333333332,6,610006,-0.2667596001206875,-0.4497500440927574,-0.9768208798082388
357,7,7,0.6833333333333332,0.6833333333333332,7,610007,-0.0388865673920788,-0.0137067002864062,-0.3131686133061419
358,7,7,0.6833333333333332,0.6833333333333332,8,610008,0.1744921290583357,0.4329965159036655,0.8965008246555864
359,7,7,0.6833333333333332,0.6833333333333332,9,610009,0.1055041212166784,0.1410014458043402,0.7060188230890918
360,0,8,0.1,0.7666666666666666,0,610000,-0.4212650778534475,0.7192726264759198,-0.9982158798679872
361,0,8,0.1,0.7666666666666666,1,610001,-0.6648275336039251,0.7381382353606423,-0.9999691793957736
362,0,8,0.1,0.7666666666666666,2,610002,-0.0275595853913433,0.7432661318222874,-0.2257087456765264
363,0,8,0.1,0.7666666666666666,3,610003,-0.9330646762537584,-0.3855182773924599,-0.9999996473997764
364,0,8,0.1,0.7666666666666666,4,610004,-1.3334695382150827,-0.8083938894061983,-0.9999999995542866
365,0,8,0.1,0.7666666666666666,5,610005,-0.8663921155522794,0.2108533538148372,-0.9999989287902574
366,0,8,0.1,0.7666666666666666,6,610006,-0.913131128763814,0.3466060903321849,-0.9999995084514934
367,0,8,0.1,0.7666666666666666,7,610007,0.1188587975989749,0.0562763969937277,0.7575711752969084
368,0,8,0.1,0.7666666666666666,8,610008,0.9725768396776872,0.2104820995802682,0.9999998174911012
369,0,8,0.1,0.7666666666666666,9,610009,0.5733889179536222,0.9802808249497412,0.9998585275449888
370,1,8,0.1833333333333333,0.7666666666666666,0,610000,-0.1555361171751329,0.2287872760953303,-0.860724681214307
371,1,8,0.1833333333333333,0.7666666666666666,1,610001,-0.4007865546627831,-0.0784306566222745,-0.9974910325919892
372,1,8,0.1833333333333333,0.7666666666666666,2,610002,0.4888052182346949,1.1982587030874066,0.9994208193287788
373,1,8,0.1833333333333333,0.7666666666666666,3,610003,-0.5782023233607676,-1.1754901251794172,-0.9998694329270736
374,1,8,0.1833333333333333,0.7666666666666666,4,610004,-0.0250322814166221,-0.3268673119094339,-0.2056283273797291
375,1,8,0.1833333333333333,0.7666666666666666,5,610005,-0.3003385249402016,0.011798444187541,-0.9866891075038696
376,1,8,0.1833333333333333,0.7666666666666666,6,610006,-0.6669340991930133,-0.672503160571772,-0.9999702426982194
377,1,8,0.1833333333333333,0.7666666666666666,7,610007,0.1959303679693939,0.9441427337828944,0.9264526474352456
378,1,8,0.1833333333333333,0.7666666666666666,8,610008,0.4680412383163709,0.8604292489691435,0.9991814282415946
379,1,8,0.1833333333333333,0.7666666666666666,9,610009,0.6381423150797145,1.199291898436175,0.9999519170114858
380,2,8,0.2666666666666666,0.7666666666666666,0,610000,0.0076660749883515,-0.2777382484954173,0.0637971929871084
381,2,8,0.2666666666666666,0.7666666666666666,1,610001,-0.1795965490051069,-0.5073694778780564,-0.904538849129328
382,2,8,0.2666666666666666,0.7666666666666666,2,610002,-0.1575510732668627,-0.3662136632204816,-0.865013805109439
383,2,8,0.2666666666666666,0.7666666666666666,3,610003,-0.0360894223843792,-0.1895070713629697,-0.2919944120618059
384,2,8,0.2666666666666666,0.7666666666666666,4,610004,0.1111388011901608,0.0152324852903281,0.7287969768474422
385,2,8,0.2666666666666666,0.7666666666666666,5,610005,-0.3079313784939748,-0.8192657287726499,-0.9882620573468256
386,2,8,0.2666666666666666,0.7666666666666666,6,610006,-0.6030947720782429,-0.9945296405941793,-0.9999137685390564
387,2,8,0.2666666666666666,0.7666666666666666,7,610007,0.0447373755634617,0.3928855744889811,0.3564484192287661
388,2,8,0.2666666666666666,0.7666666666666666,8,610008,0.5527638230246531,0.9289145677620212,0.9998004973342348
389,2,8,0.2666666666666666,0.7666666666666666,9,610009,0.2602182558667712,0.4549889890622684,0.9741854004561508
390,3,8,0.35,0.7666666666666666,0,610000,-0.1868576574875752,-0.2864678868892769,-0.914957069647036
391,3,8,0.35,0.7666666666666666,1,610001,-0.1868060964384987,-0.1041978624057546,-0.914887067960965
392,3,8,0.35,0.7666666666666666,2,610002,-0.0404741625732432,-0.0610470092868499,-0.3250511254035403
393,3,8,0.35,0.7666666666666666,3,610003,-0.2996597937190901,-0.1820164763026833,-0.9865386965339475
394,3,8,0.35,0.7666666666666666,4,610004,-0.1612003617925793,0.0961988682729893,-0.8724712696348316
395,3,8,0.35,0.7666666666666666,5,610005,-0.3281050444629675,-0.4837648018692188,-0.9915996277516872
396,3,8,0.35,0.7666666666666666,6,610006,-0.2514886040481439,-0.4381316423598173,-0.9702027824733072
397,3,8,0.35,0.7666666666666666,7,610007,0.0830400454255724,-0.0864269168477748,0.5992655416663528
398,3,8,0.35,0.7666666666666666,8,610008,0.2760462327621867,0.0082720056895629,0.9801115745497851
399,3,8,0.35,0.7666666666666666,9,610009,0.0374100768158686,-0.2636896881574651,0.3020288813770654
400,4,8,0.4333333333333333,0.7666666666666666,0,610000,-0.058824887090618,0.0243932724742164,-0.4543810219341661
401,4,8,0.4333333333333333,0.7666666666666666,1,610001,-0.0925902151108699,0.0231702090843147,-0.6478502280917295
402,4,8,0.4333333333333333,0.7666666666666666,2,610002,0.0894888463616489,0.2362090583999284,0.6326008488779682
403,4,8,0.4333333333333333,0.7666666666666666,3,610003,-0.0840971438524167,0.0874296479578082,-0.6048813678035353
404,4,8,0.4333333333333333,0.7666666666666666,4,610004,0.0481013802527916,0.4469029623042022,0.3806716040896126
405,4,8,0.4333333333333333,0.7666666666666666,5,610005,-0.1703099426189076,-0.1677510849224932,-0.8894422598011076
406,4,8,0.4333333333333333,0.7666666666666666,6,610006,-0.2777837092946186,-0.1473873104074058,-0.9806737580403734
407,4,8,0.4333333333333333,0.7666666666666666,7,610007,-0.0160779875677997,0.1467455490946797,-0.1331872115560017
408,4,8,0.4333333333333333,0.7666666666666666,8,610008,0.1669388396556121,0.0987358596069229,0.8834251789525027
409,4,8,0.4333333333333333,0.7666666666666666,9,610009,0.020150262896718,0.1179249099274266,0.1663582023295054
410,5,8,0.5166666666666666,0.7666666666666666,0,610000,-0.1118948990305679,0.2452815464228658,-0.7317376030965097
411,5,8,0.5166666666666666,0.7666666666666666,1,610001,-0.1341477685291742,0.1374899646150553,-0.8068365554322879
412,5,8,0.5166666666666666,0.7666666666666666,2,610002,-0.1132212517357453,0.2065856386451356,-0.7368309557316733
413,5,8,0.5166666666666666,0.7666666666666666,3,610003,0.0294938487711958,-0.0762509121677889,0.2409496718557361
414,5,8,0.5166666666666666,0.7666666666666666,4,610004,-0.1190494118534488,-0.313176128102587,-0.7582471783238307
415,5,8,0.5166666666666666,0.7666666666666666,5,610005,0.1266786773031064,0.4528686474315702,0.7839954496096307
416,5,8,0.5166666666666666,0.7666666666666666,6,610006,-0.4322168702164355,-0.3794502555859306,-0.9985133216436582
417,5,8,0.5166666666666666,0.7666666666666666,7,610007,0.0097061937246613,0.0944808941273116,0.0807090148849623
418,5,8,0.5166666666666666,0.7666666666666666,8,610008,0.0295521787528056,-0.0196132496639382,0.2414074809735056
419,5,8,0.5166666666666666,0.7666666666666666,9,610009,-0.0214656797746596,0.1775675320438453,-0.176996814520876
420,6,8,0.6,0.7666666666666666,0,610000,-0.0591358222279984,-0.0670445191461098,-0.4564347561221402
421,6,8,0.6,0.7666666666666666,1,610001,-0.1373679511604247,-0.1654038579860024,-0.8160016792540835
422,6,8,0.6,0.7666666666666666,2,610002,-0.0486695180994479,0.162579952981828,-0.3847126948479121
423,6,8,0.6,0.7666666666666666,3,610003,-0.0933386431374762,-0.2903022609980267,-0.6514548280299065
424,6,8,0.6,0.7666666666666666,4,610004,0.0339004821282991,-0.0798530213452843,0.2752210186539173
425,6,8,0.6,0.7666666666666666,5,610005,0.0749961148585296,0.0280431633009643,0.5545773040606291
426,6,8,0.6,0.7666666666666666,6,610006,-0.2845898289795026,-0.3247702040987701,-0.982728369101763
427,6,8,0.6,0.7666666666666666,7,610007,0.0478339636805623,0.3539034360305559,0.3787644476752979
428,6,8,0.6,0.7666666666666666,8,610008,-0.0397575235217848,-0.0140859473603463,-0.3196997990552931
429,6,8,0.6,0.7666666666666666,9,610009,0.0187363796684044,0.243875634533023,0.1548799522377459
430,7,8,0.6833333333333332,0.7666666666666666,0,610000,0.0228556266178133,-0.0550634909808324,0.1881933823790698
431,7,8,0.6833333333333332,0.7666666666666666,1,610001,-0.1216040352149016,-0.1765542347815577,-0.7671510351432682
432,7,8,0.6833333333333332,0.7666666666666666,2,610002,-0.0270340808052767,0.0277987104727144,-0.2215485514784137
433,7,8,0.6833333333333332,0.7666666666666666,3,610003,-0.1578318799445634,-0.1801778687686919,-0.865601725602186
434,7,8,0.6833333333333332,0.7666666666666666,4,610004,0.0089460646144608,0.0493164388883596,0.0744127329033478
435,7,8,0.6833333333333332,0.7666666666666666,5,610005,-0.0514418801911682,-0.1200341659654366,-0.4042195289027614
436,7,8,0.6833333333333332,0.7666666666666666,6,610006,-0.2378169771913124,-0.3510546970772706,-0.9627195145512024
437,7,8,0.6833333333333332,0.7666666666666666,7,610007,0.0465921852456909,0.057306321869755,0.3698663073520405
438,7,8,0.6833333333333332,0.7666666666666666,8,610008,0.0234116202231803,-0.0103965647629026,0.1926586412600459
439,7,8,0.6833333333333332,0.7666666666666666,9,610009,0.0551151160384742,0.0555622198945837,0.4295075129759791
440,8,8,0.7666666666666666,0.7666666666666666,0,610000,-0.0115675262183263,0.0029348141866507,-0.0960985803435679
441,8,8,0.7666666666666666,0.7666666666666666,1,610001,-0.1031956127542468,-0.0599804580603409,-0.6962388353754764
442,8,8,0.7666666666666666,0.7666666666666666,2,610002,-0.1665487315646441,-0.1103822861620943,-0.8827093580701717
443,8,8,0.7666666666666666,0.7666666666666666,3,610003,-0.1525746586313471,-0.047688868682773,-0.8541916437120566
444,8,8,0.7666666666666666,0.7666666666666666,4,610004,0.0539505156891844,0.1901694543596403,0.4215599782498843
445,8,8,0.7666666666666666,0.7666666666666666,5,610005,-0.0579358680440271,-0.062012988381375,-0.448482354164288
446,8,8,0.7666666666666666,0.7666666666666666,6,610006,-0.1066625107883251,-0.1092024395539755,-0.710827366034606
447,8,8,0.7666666666666666,0.7666666666666666,7,610007,0.1458297321121781,0.1884546659051402,0.83824675268038
448,8,8,0.7666666666666666,0.7666666666666666,8,610008,-0.0032853650176463,-0.1165999204934661,-0.0273712033948134
449,8,8,0.7666666666666666,0.7666666666666666,9,610009,0.1475765610968065,0.1482219959444017,0.8425226605828083
450,0,9,0.1,0.85,0,610000,-0.4184814668501492,0.6368194341475438,-0.99813123735023
451,0,9,0.1,0.85,1,610001,-0.5927131917224044,0.7611291267111927,-0.999897480473582
452,0,9,0.1,0.85,2,610002,-0.0500121626527434,0.6380185791666074,-0.3942041764660969
453,0,9,0.1,0.85,3,610003,-0.9975193710464252,-0.2630265896730936,-0.9999998795674184
454,0,9,0.1,0.85,4,610004,-1.30117111551281,-0.8819394503805275,-0.9999999992364466
455,0,9,0.1,0.85,5,610005,-0.8753262020209801,-0.0239483868214945,-0.9999990769877352
456,0,9,0.1,0.85,6,610006,-0.9056293645297908,0.3963573884499972,-0.9999994429862102
457,0,9,0.1,0.85,7,610007,0.0608132202486727,-0.1582673004779608,0.4674300643807819
458,0,9,0.1,0.85,8,610008,1.068039161814114,0.3755180207447837,0.999999962820397
459,0,9,0.1,0.85,9,610009,0.7082013797017178,0.9696565243240636,0.9999850412871296
460,1,9,0.1833333333333333,0.85,0,610000,-0.2127276867549665,0.1017521869424488,-0.9439079447714512
461,1,9,0.1833333333333333,0.85,1,610001,-0.3609528141833595,-0.2274868300001467,-0.995132475486146
462,1,9,0.1833333333333333,0.85,2,610002,0.4752397588737488,1.1365704624805488,0.9992739404799842
463,1,9,0.1833333333333333,0.85,3,610003,-0.6982517834464491,-1.1567825382499306,-0.9999823432316464
464,1,9,0.1833333333333333,0.85,4,610004,-0.079290088912937,-0.5239084615500953,-0.5788628110265629
465,1,9,0.1833333333333333,0.85,5,610005,-0.3261489362246788,-0.2348376416569122,-0.991322455095526
466,1,9,0.1833333333333333,0.85,6,610006,-0.6287245650838384,-0.4517090043992625,-0.9999437454537828
467,1,9,0.1833333333333333,0.85,7,610007,0.0778829036408948,0.7133281652346504,0.5710126954607369
468,1,9,0.1833333333333333,0.85,8,610008,0.5811280546409584,1.0086348926811548,0.999875646541497
469,1,9,0.1833333333333333,0.85,9,610009,0.7617835366341773,1.224102532777481,0.999993875712647
470,2,9,0.2666666666666666,0.85,0,610000,0.0626521767052361,-0.313928893510031,0.4793203053936972
471,2,9,0.2666666666666666,0.85,1,610001,-0.127844048702357,-0.6268232476272473,-0.7877093660793355
472,2,9,0.2666666666666666,0.85,2,610002,-0.0550953372655572,-0.2663322573806499,-0.4293730863767159
473,2,9,0.2666666666666666,0.85,3,610003,-0.3341298021224705,-0.5427399972666549,-0.9923991145929644
474,2,9,0.2666666666666666,0.85,4,610004,-0.0503763110802957,-0.2564965164667588,-0.396764113632107
475,2,9,0.2666666666666666,0.85,5,610005,-0.1627819201928554,-0.6935888221387789,-0.8755825340748121
476,2,9,0.2666666666666666,0.85,6,610006,-0.4149336029585865,-0.5724945554248027,-0.998017515855916
477,2,9,0.2666666666666666,0.85,7,610007,-0.1597453951298906,-0.2023192003178029,-0.8695451496444347
478,2,9,0.2666666666666666,0.85,8,610008,0.6296771333908529,0.97244661269817,0.999944631482058
479,2,9,0.2666666666666666,0.85,9,610009,0.373699034426039,0.4982410087082597,0.9960622307071014
480,3,9,0.35,0.85,0,610000,-0.1488227027501783,-0.3528965580253415,-0.8455095448812401
481,3,9,0.35,0.85,1,610001,-0.0636380338013442,-0.1077496402326697,-0.4856233302926352
482,3,9,0.35,0.85,2,610002,-0.0733672452216896,-0.2324784884034497,-0.545107423199482
483,3,9,0.35,0.85,3,610003,-0.3360270973200941,-0.1016692605402121,-0.992634834965378
484,3,9,0.35,0.85,4,610004,-0.1899259755409994,-0.1594600936955184,-0.919025067378347
485,3,9,0.35,0.85,5,610005,-0.2681030085139782,-0.5133642419083488,-0.9773282788593998
486,3,9,0.35,0.85,6,610006,-0.3166538280733074,-0.2615859760541478,-0.9898421501398816
487,3,9,0.35,0.85,7,610007,-0.1153679681782095,-0.5070648802304595,-0.7449005716233207
488,3,9,0.35,0.85,8,610008,0.3139779494409892,0.0252414086203155,0.98938133651321
489,3,9,0.35,0.85,9,610009,0.220652791408949,-0.0716868391915225,0.9506772528663948
490,4,9,0.4333333333333333,0.85,0,610000,-0.0832590843902257,0.0306969775537039,-0.6004340777372669
491,4,9,0.4333333333333333,0.85,1,610001,-0.0351102682623941,0.0593378522423456,-0.2845128300935235
492,4,9,0.4333333333333333,0.85,2,610002,0.0755526953252239,0.2723464849360378,0.5577807146358819
493,4,9,0.4333333333333333,0.85,3,610003,-0.1414544704303694,0.2903929028205017,-0.8270688192227973
494,4,9,0.4333333333333333,0.85,4,610004,-0.1104346335792137,0.0077534706748818,-0.7260339213237772
495,4,9,0.4333333333333333,0.85,5,610005,-0.112616923914565,-0.1797684311527025,-0.7345205164613081
496,4,9,0.4333333333333333,0.85,6,610006,-0.1059874320855795,0.1640033269910089,-0.7080330719619733
497,4,9,0.4333333333333333,0.85,7,610007,0.0046406362552751,-0.0947188592149001,0.0386527020700511
498,4,9,0.4333333333333333,0.85,8,610008,0.0595317459032558,-0.1622609005855279,0.4590428176654294
499,4,9,0.4333333333333333,0.85,9,610009,0.4761355496258892,0.5808939553515394,0.9992846960703402
500,5,9,0.5166666666666666,0.85,0,610000,-0.0427576561757637,0.2161527476531018,-0.341963007645178
501,5,9,0.5166666666666666,0.85,1,610001,-0.0223022140315503,0.2669111368296179,-0.183741112200361
502,5,9,0.5166666666666666,0.85,2,610002,-0.1553921119312985,0.1100884020709873,-0.8604133648504191
503,5,9,0.5166666666666666,0.85,3,610003,-0.0929134237864136,-0.1762365443714167,-0.6494104584099132
504,5,9,0.5166666666666666,0.85,4,610004,-0.1108351829475666,-0.3539267112370937,-0.7276085135547948
505,5,9,0.5166666666666666,0.85,5,610005,0.0477525409970516,0.1392398787186641,0.3781831185193147
506,5,9,0.5166666666666666,0.85,6,610006,-0.4214125340623352,-0.2713392629887055,-0.9982202552473712
507,5,9,0.5166666666666666,0.85,7,610007,-0.0491116642063854,-0.0344458756895836,-0.3878474602983138
508,5,9,0.5166666666666666,0.85,8,610008,0.1613175583086264,0.2482479312523072,0.8727042861036326
509,5,9,0.5166666666666666,0.85,9,610009,0.1691370248977652,0.2745735891726575,0.88738263905899
510,6,9,0.6,0.85,0,610000,-0.0777769605901846,-0.1396241552762704,-0.5704173977075213
511,6,9,0.6,0.85,1,610001,-0.0187679367889512,-0.0773760726079205,-0.1551366095671087
512,6,9,0.6,0.85,2,610002,0.0020506626903319,0.158194231399925,0.0170871924666233
513,6,9,0.6,0.85,3,610003,-0.1092391300197077,-0.1262629539552031,-0.7212887270095452
514,6,9,0.6,0.85,4,610004,0.1034483075914549,-0.0897335498709386,0.6973222569164832
515,6,9,0.6,0.85,5,610005,0.0361526170375643,-0.2145634670983631,0.2924760598747908
516,6,9,0.6,0.85,6,610006,-0.2598082494578879,-0.2259691355888452,-0.9740106939814916
517,6,9,0.6,0.85,7,610007,0.0205008845983613,0.1986918931809926,0.1691977992298748
518,6,9,0.6,0.85,8,610008,0.0511279729875848,0.164026893112463,0.4020287437937581
519,6,9,0.6,0.85,9,610009,0.1678423149243119,0.3553464809440289,0.8850672840658326
520,7,9,0.6833333333333332,0.85,0,610000,-0.0136008048743794,-0.1806046841032481,-0.112857200761312
521,7,9,0.6833333333333332,0.85,1,610001,-0.0264357542878543,-0.1387371116537966,-0.2168020275345775
522,7,9,0.6833333333333332,0.85,2,610002,-0.0319355027426408,-0.0353137504137382,-0.2600193776366145
523,7,9,0.6833333333333332,0.85,3,610003,-0.2171429067384357,-0.0863409350062628,-0.947783481903424
524,7,9,0.6833333333333332,0.85,4,610004,0.0235805455214616,-0.0655813379262566,0.194013733174595
525,7,9,0.6833333333333332,0.85,5,610005,-0.0581157737164933,-0.3621609435184708,-0.4496792159425151
526,7,9,0.6833333333333332,0.85,6,610006,-0.2144479316866971,-0.2033724635480333,-0.945450069792448
527,7,9,0.6833333333333332,0.85,7,610007,-0.0479266383830731,-0.201117513808829,-0.3794257487476322
528,7,9,0.6833333333333332,0.85,8,610008,0.1010288423615454,0.133464113393168,0.6868178250467978
529,7,9,0.6833333333333332,0.85,9,610009,0.2670349219381433,0.1521441835527698,0.976925773809154
530,8,9,0.7666666666666666,0.85,0,610000,0.0047403773993026,0.0439933510086878,0.039482609613231
531,8,9,0.7666666666666666,0.85,1,610001,-0.0044872591294886,0.0523702969745579,-0.0373764065818093
532,8,9,0.7666666666666666,0.85,2,610002,-0.1565622133743472,-0.1475126708072397,-0.8629244039943694
533,8,9,0.7666666666666666,0.85,3,610003,-0.2809791741909163,-0.1062368913989268,-0.98166691394209
534,8,9,0.7666666666666666,0.85,4,610004,0.0340298071466698,0.1006685343201846,0.2762167986350317
535,8,9,0.7666666666666666,0.85,5,610005,-0.1263804621532842,-0.3071539423865611,-0.7830359359173612
536,8,9,0.7666666666666666,0.85,6,610006,-0.19048756888616,-0.1499690974037749,-0.9197491779759546
537,8,9,0.7666666666666666,0.85,7,610007,-0.0149368978204612,-0.1873615103937876,-0.1238352480601256
538,8,9,0.7666666666666666,0.85,8,610008,0.0408731456942334,-0.057327258735727,0.3280214648408098
539,8,9,0.7666666666666666,0.85,9,610009,0.2593651413329287,0.1886938216718555,0.9738205706263526
540,9,9,0.85,0.85,0,610000,-0.0887149198716343,-0.0349351747858705,-0.628716608633926
541,9,9,0.85,0.85,1,610001,-0.039824266134984,0.0511548433748147,-0.3201990517863354
542,9,9,0.85,0.85,2,610002,-0.1858915680435843,-0.131174135307368,-0.9136362765571636
543,9,9,0.85,0.85,3,610003,-0.1787378920104361,-0.0465244561719535,-0.9032294634899436
544,9,9,0.85,0.85,4,610004,-0.0122900648187824,-0.0805071726022436,-0.1020606085345428
545,9,9,0.85,0.85,5,610005,-0.0155659158630533,-0.121011487881382,-0.1289932854977479
546,9,9,0.85,0.85,6,610006,-0.0559468120709543,0.1732655123012008,-0.4351428763025094
547,9,9,0.85,0.85,7,610007,-0.0207350160209274,-0.0718474819969053,-0.1710924108140205
548,9,9,0.85,0.85,8,610008,0.0667256873806527,0.0625997342010584,0.5050388773817387
549,9,9,0.85,0.85,9,610009,0.2253856451971592,0.2368053727352304,0.9543329606691028
550,0,10,0.1,0.9333333333333332,0,610000,-0.405298031989016,0.5946131808139788,-0.9976725555574966
551,0,10,0.1,0.9333333333333332,1,610001,-0.6000484043333708,0.6930665771430117,-0.999909277478188
552,0,10,0.1,0.9333333333333332,2,610002,-0.0155477464150203,0.6203163509651729,-0.1288443899097587
553,0,10,0.1,0.9333333333333332,3,610003,-0.8648603930940806,-0.1130400569649093,-0.9999989010916212
554,0,10,0.1,0.9333333333333332,4,610004,-1.341225956854245,-0.8378007694536707,-0.9999999996083369
555,0,10,0.1,0.9333333333333332,5,610005,-0.8808482608076852,0.134661995948155,-0.9999991581446132
556,0,10,0.1,0.9333333333333332,6,610006,-0.8579103482319169,0.3973390997387427,-0.9999987661352486
557,0,10,0.1,0.9333333333333332,7,610007,0.1526320260220264,-0.1152805176045073,0.8543208380678081
558,0,10,0.1,0.9333333333333332,8,610008,1.0896515279568453,0.3054911316698574,0.9999999740660168
559,0,10,0.1,0.9333333333333332,9,610009,0.6356370883195341,0.8792173341675504,0.9999498669134812
560,1,10,0.1833333333333333,0.9333333333333332,0,610000,-0.1748632155421325,0.1258118956635788,-0.8971061377852186
561,1,10,0.1833333333333333,0.9333333333333332,1,610001,-0.3112388958869371,-0.2244132727128859,-0.9888881057431652
562,1,10,0.1833333333333333,0.9333333333333332,2,610002,0.4827788878562682,1.018622450695854,0.999359644998668
563,1,10,0.1833333333333333,0.9333333333333332,3,610003,-0.5445071499047496,-0.9492052817318212,-0.9997710682095248
564,1,10,0.1833333333333333,0.9333333333333332,4,610004,-0.1122414512338749,-0.3961278603998527,-0.7330763895648377
565,1,10,0.1833333333333333,0.9333333333333332,5,610005,-0.2956273127858872,0.066512962175419,-0.985609627832341
566,1,10,0.1833333333333333,0.9333333333333332,6,610006,-0.5848924400876672,-0.4664323284846395,-0.999883208300006
567,1,10,0.1833333333333333,0.9333333333333332,7,610007,0.1993440154514295,0.7877006537770675,0.9303786551294096
568,1,10,0.1833333333333333,0.9333333333333332,8,610008,0.6031437203291161,0.8878699441409974,0.999913838855326
569,1,10,0.1833333333333333,0.9333333333333332,9,610009,0.717474233492207,1.188299228725385,0.9999871833201148
570,2,10,0.2666666666666666,0.9333333333333332,0,610000,0.0232997160857413,-0.3157676950768197,0.1917605589020451
571,2,10,0.2666666666666666,0.9333333333333332,1,610001,-0.1641334887396344,-0.6274181900822265,-0.8781850551494397
572,2,10,0.2666666666666666,0.9333333333333332,2,610002,0.0102318224901086,-0.2684340935847903,0.0850591562517958
573,2,10,0.2666666666666666,0.9333333333333332,3,610003,-0.1164954552528462,-0.1041527511903528,-0.7490536374746943
574,2,10,0.2666666666666666,0.9333333333333332,4,610004,-0.1074377493364336,-0.2536441615609879,-0.7140087910268869
575,2,10,0.2666666666666666,0.9333333333333332,5,610005,-0.3641935962113413,-0.81496262552096,-0.9953878208928548
576,2,10,0.2666666666666666,0.9333333333333332,6,610006,-0.5947379142227864,-0.9555015563017488,-0.9999008821438764
577,2,10,0.2666666666666666,0.9333333333333332,7,610007,0.1109618784695702,0.1517589393048609,0.7281049746528492
578,2,10,0.2666666666666666,0.9333333333333332,8,610008,0.558654846414131,0.9602842625897228,0.9998191526683372
579,2,10,0.2666666666666666,0.9333333333333332,9,610009,0.2815961867798318,0.2422652013840078,0.9818527750903046
580,3,10,0.35,0.9333333333333332,0,610000,-0.1607862746006406,-0.3555313979323252,-0.8716447722065952
581,3,10,0.35,0.9333333333333332,1,610001,-0.1190311072405425,-0.2515680715644406,-0.7581823326489074
582,3,10,0.35,0.9333333333333332,2,610002,-0.1514973386233295,-0.2772205690752237,-0.8517457811886311
583,3,10,0.35,0.9333333333333332,3,610003,-0.1411112867716948,0.2250428720281537,-0.826163084879909
584,3,10,0.35,0.9333333333333332,4,610004,-0.0739377366971103,0.0100235550721424,-0.5484402148417125
585,3,10,0.35,0.9333333333333332,5,610005,-0.2675307090956969,-0.2978436799911039,-0.9771134804733576
586,3,10,0.35,0.9333333333333332,6,610006,-0.2247998218077788,-0.2743299506217478,-0.9538952254604854
587,3,10,0.35,0.9333333333333332,7,610007,-0.0371026508855563,-0.4633639459558653,-0.2996988995161816
588,3,10,0.35,0.9333333333333332,8,610008,0.3218436095589008,0.0531980738282594,0.990679918552488
589,3,10,0.35,0.9333333333333332,9,610009,0.2356159503334895,-0.1435270172244977,0.96135344864946
590,4,10,0.4333333333333333,0.9333333333333332,0,610000,-0.228742954352613,-0.2356480881711145,-0.956764367458118
591,4,10,0.4333333333333333,0.9333333333333332,1,610001,-0.1826525383403872,-0.0797071967137331,-0.9090637036732327
592,4,10,0.4333333333333333,0.9333333333333332,2,610002,-0.0057283229300271,0.1042663802592702,-0.0476997982974099
593,4,10,0.4333333333333333,0.9333333333333332,3,610003,-0.1885049788192111,0.2275420675197343,-0.9171648025254036
594,4,10,0.4333333333333333,0.9333333333333332,4,610004,-0.1999161846022793,0.2013380392258699,-0.9310166284404224
595,4,10,0.4333333333333333,0.9333333333333332,5,610005,-0.3682755635901873,-0.4205348694881733,-0.9956905110223536
596,4,10,0.4333333333333333,0.9333333333333332,6,610006,-0.2152424679501203,-0.1791187675875036,-0.9461483508644926
597,4,10,0.4333333333333333,0.9333333333333332,7,610007,0.1483543667328135,0.0677665345382427,0.8443931250899634
598,4,10,0.4333333333333333,0.9333333333333332,8,610008,0.3959843096900398,0.322774843178667,0.9972822504518952
599,4,10,0.4333333333333333,0.9333333333333332,9,610009,0.3418289082012739,0.2027914258594529,0.99331140333196
600,5,10,0.5166666666666666,0.9333333333333332,0,610000,0.044774698780017,0.2700360274429343,0.3567198982685351
601,5,10,0.5166666666666666,0.9333333333333332,1,610001,0.0893520692323484,0.2478540144109257,0.6319166797471525
602,5,10,0.5166666666666666,0.9333333333333332,2,610002,0.0156086080551006,0.1009524364623449,0.1293431179721999
603,5,10,0.5166666666666666,0.9333333333333332,3,610003,0.05774928061005,-0.030986434775013,0.4472393391487811
604,5,10,0.5166666666666666,0.9333333333333332,4,610004,-0.0538936848811784,-0.1536338672045714,-0.4211704734730124
605,5,10,0.5166666666666666,0.9333333333333332,5,610005,0.0736735746830461,0.2693782057291778,0.5468991434341688
606,5,10,0.5166666666666666,0.9333333333333332,6,610006,-0.4082212985951819,-0.2665158990219481,-0.9977831104937328
607,5,10,0.5166666666666666,0.9333333333333332,7,610007,0.0527343606459872,0.0976842356272868,0.4131909367271157
608,5,10,0.5166666666666666,0.9333333333333332,8,610008,0.1945773704386442,0.2382126836361647,0.924838352334922
609,5,10,0.5166666666666666,0.9333333333333332,9,610009,-0.0400305953601356,0.0074881207513887,-0.3217413246576732
610,6,10,0.6,0.9333333333333332,0,610000,-0.0680365991183013,-0.1219531208767573,-0.513131780421939
611,6,10,0.6,0.9333333333333332,1,610001,-0.1034837470926854,-0.2570382956257735,-0.6974739485773055
612,6,10,0.6,0.9333333333333332,2,610002,-0.0337114699563933,0.0977200007535025,-0.2737645956574661
613,6,10,0.6,0.9333333333333332,3,610003,-0.0262689193731544,-0.0478629831917998,-0.2154766859624363
614,6,10,0.6,0.9333333333333332,4,610004,-0.041317663151184,-0.1427307923650601,-0.331323173115285
615,6,10,0.6,0.9333333333333332,5,610005,-0.0082341968012515,-0.0673019355837508,-0.0685108133321709
616,6,10,0.6,0.9333333333333332,6,610006,-0.1952294917977302,-0.1910239362613887,-0.9256206215340584
617,6,10,0.6,0.9333333333333332,7,610007,0.1660915903189012,0.2960804274097056,0.881865291778551
618,6,10,0.6,0.9333333333333332,8,610008,0.0246137186592805,0.0442066878471947,0.2022854044001026
619,6,10,0.6,0.9333333333333332,9,610009,0.1029451099048286,0.1516521612945506,0.6951616716663324
620,7,10,0.6833333333333332,0.9333333333333332,0,610000,0.0483893522329681,-0.1683732576623644,0.3827217415560234
621,7,10,0.6833333333333332,0.9333333333333332,1,610001,-0.0423650998847697,-0.26094727222575,-0.3390710222234469
622,7,10,0.6833333333333332,0.9333333333333332,2,610002,0.0138328340238796,-0.0692175671528985,0.1147657306801507
623,7,10,0.6833333333333332,0.9333333333333332,3,610003,-0.1353695398518995,-0.0084076103426339,-0.810360950307866
624,7,10,0.6833333333333332,0.9333333333333332,4,610004,-0.0578126904726071,-0.0941865491265453,-0.447661959481836
625,7,10,0.6833333333333332,0.9333333333333332,5,610005,-0.0670844205879435,-0.189118035328324,-0.5072624568347072
626,7,10,0.6833333333333332,0.9333333333333332,6,610006,-0.1793860026110351,-0.2133823070479621,-0.9042193479858184
627,7,10,0.6833333333333332,0.9333333333333332,7,610007,0.0856576384086806,-0.0261060706231599,0.6130627069199641
628,7,10,0.6833333333333332,0.9333333333333332,8,610008,0.0835879847133917,0.0535257966397774,0.6021839005447118
629,7,10,0.6833333333333332,0.9333333333333332,9,610009,0.1738115014224201,0.0067694132375617,0.8953818312225957
630,8,10,0.7666666666666666,0.9333333333333332,0,610000,0.0114026069819518,-0.0803225651726139,0.0947367661983686
631,8,10,0.7666666666666666,0.9333333333333332,1,610001,-0.0166456311900454,-0.0221193783824821,-0.1378307037987542
632,8,10,0.7666666666666666,0.9333333333333332,2,610002,-0.095744205767212,-0.1343303843177056,-0.662843390480677
633,8,10,0.7666666666666666,0.9333333333333332,3,610003,-0.1805510007277888,0.0484312084955984,-0.9059745593382
634,8,10,0.7666666666666666,0.9333333333333332,4,610004,-0.0423287277187593,0.0985348206539687,-0.3388027405870362
635,8,10,0.7666666666666666,0.9333333333333332,5,610005,-0.1069687652428883,-0.1112583642737072,-0.7120876733561521
636,8,10,0.7666666666666666,0.9333333333333332,6,610006,-0.1664051430002489,-0.1706606621405767,-0.8824448469106184
637,8,10,0.7666666666666666,0.9333333333333332,7,610007,0.1111883323215392,-0.0695850990175832,0.7289904429462795
638,8,10,0.7666666666666666,0.9333333333333332,8,610008,0.0509897766742089,-0.0962260249621453,0.4010627966418872
639,8,10,0.7666666666666666,0.9333333333333332,9,610009,0.1562246746090025,-0.0110736369526836,0.8622043715560476
640,9,10,0.85,0.9333333333333332,0,610000,-0.029409662408857,0.0480448829491522,-0.2402887371052613
641,9,10,0.85,0.9333333333333332,1,610001,-0.0389746775474989,0.0228657332951972,-0.3138307008513116
642,9,10,0.85,0.9333333333333332,2,610002,-0.0932239975523065,-0.0224526542625602,-0.6509045627503665
643,9,10,0.85,0.9333333333333332,3,610003,-0.1021000541966184,0.0339990934416412,-0.6915048073253475
644,9,10,0.85,0.9333333333333332,4,610004,-0.0625657431093815,0.0038518593675012,-0.4787653167664816
645,9,10,0.85,0.9333333333333332,5,610005,-0.0632119083422095,-0.0543761526523827,-0.4829050517601206
646,9,10,0.85,0.9333333333333332,6,610006,-0.1537970407736558,-0.0786780436438755,-0.8569217863566648
647,9,10,0.85,0.9333333333333332,7,610007,-0.0001441297466734,-0.1289637250940787,-0.0012010806447205
648,9,10,0.85,0.9333333333333332,8,610008,0.020693517852561,-0.1349531487026966,0.1707566958930258
649,9,10,0.85,0.9333333333333332,9,610009,0.0777251441602524,0.0326161493552491,0.5701260209001752
650,10,10,0.9333333333333332,0.9333333333333332,0,610000,-0.0711376490326612,-0.0854386790180923,-0.5319162625745257
651,10,10,0.9333333333333332,0.9333333333333332,1,610001,-0.0602552877577801,-0.1246663108442153,-0.4637885988520202
652,10,10,0.9333333333333332,0.9333333333333332,2,610002,-0.1570212708171238,-0.1088870362613224,-0.863898064966704
653,10,10,0.9333333333333332,0.9333333333333332,3,610003,-0.0226318154742353,0.0443023926247614,-0.1863937154490563
654,10,10,0.9333333333333332,0.9333333333333332,4,610004,-0.024277021287665,-0.1723205567274347,-0.1995928839068305
655,10,10,0.9333333333333332,0.9333333333333332,5,610005,-0.0366582387941947,0.0124369075277766,-0.2963243757550099
656,10,10,0.9333333333333332,0.9333333333333332,6,610006,-0.1345951061883889,-0.0727306802813549,-0.808133710020323
657,10,10,0.9333333333333332,0.9333333333333332,7,610007,0.0980318657531794,0.1573873864916156,0.6733966786799471
658,10,10,0.9333333333333332,0.9333333333333332,8,610008,0.1351532434815637,0.0824753252661717,0.8097412306469028
659,10,10,0.9333333333333332,0.9333333333333332,9,610009,0.1028814878553329,0.1245030308038197,0.6948875980952026
660,0,11,0.1,1.0166666666666666,0,610000,-0.3615882621331185,0.7165636389162456,-0.9951836309496588
661,0,11,0.1,1.0166666666666666,1,610001,-0.5618112933323632,0.6792886439756192,-0.9998284198697543
662,0,11,0.1,1.0166666666666666,2,610002,-0.0170906163307072,0.4631996460541108,-0.141466592338306
663,0,11,0.1,1.0166666666666666,3,610003,-0.9085699518339918,-0.3374326250619995,-0.9999994696271648
664,0,11,0.1,1.0166666666666666,4,610004,-1.2777821907833415,-0.670963052094441,-0.9999999988724544
665,0,11,0.1,1.0166666666666666,5,610005,-0.8121330724046062,0.367334465166341,-0.9999973538514414
666,0,11,0.1,1.0166666666666666,6,610006,-0.8391421485850793,0.4165408134665457,-0.9999983129955884
667,0,11,0.1,1.0166666666666666,7,610007,0.1904293322287353,0.1112687667671311,0.919674377728511
668,0,11,0.1,1.0166666666666666,8,610008,1.051527380770454,0.4275792552115369,0.9999999510423004
669,0,11,0.1,1.0166666666666666,9,610009,0.5399761758750038,0.8303364894354287,0.999753112848409
670,1,11,0.1833333333333333,1.0166666666666666,0,610000,-0.0783096000374159,0.2547252364769566,-0.5734042436466371
671,1,11,0.1833333333333333,1.0166666666666666,1,610001,-0.2458000403880297,-0.0949702858979969,-0.9672879388421504
672,1,11,0.1833333333333333,1.0166666666666666,2,610002,0.5211689335516204,0.9818024615772236,0.9996622385250332
673,1,11,0.1833333333333333,1.0166666666666666,3,610003,-0.6152265299445216,-1.1630249799509218,-0.9999295539607664
674,1,11,0.1833333333333333,1.0166666666666666,4,610004,-0.0942287714324584,-0.3867812510627352,-0.6557039148823118
675,1,11,0.1833333333333333,1.0166666666666666,5,610005,-0.243904510336935,0.2370822305238978,-0.966255711052602
676,1,11,0.1833333333333333,1.0166666666666666,6,610006,-0.5829875879160415,-0.5749536148036963,-0.9998794411930094
677,1,11,0.1833333333333333,1.0166666666666666,7,610007,0.2414702057386822,0.926401224055608,0.9648830273290696
678,1,11,0.1833333333333333,1.0166666666666666,8,610008,0.5351463018166756,1.0114521225787634,0.9997324199137838
679,1,11,0.1833333333333333,1.0166666666666666,9,610009,0.6391909305158132,1.1362519759910612,0.9999527500338282
680,2,11,0.2666666666666666,1.0166666666666666,0,610000,0.0233107177613048,-0.3237562873333661,0.1918488666885995
681,2,11,0.2666666666666666,1.0166666666666666,1,610001,-0.1979054201519385,-0.6916029560565243,-0.9287493874098414
682,2,11,0.2666666666666666,1.0166666666666666,2,610002,0.0488160416873134,-0.3289787540944219,0.3857525186420185
683,2,11,0.2666666666666666,1.0166666666666666,3,610003,-0.2467681399107597,-0.4529236336708307,-0.9678030836752662
684,2,11,0.2666666666666666,1.0166666666666666,4,610004,-0.0276776932989454,-0.0609494019857266,-0.2266426293014924
685,2,11,0.2666666666666666,1.0166666666666666,5,610005,-0.2647191744803112,-0.5422029216265198,-0.9760286791647148
686,2,11,0.2666666666666666,1.0166666666666666,6,610006,-0.5807006186677719,-0.9112378071373304,-0.999874757548476
687,2,11,0.2666666666666666,1.0166666666666666,7,610007,0.1432936040801881,0.348250853095998,0.8318502323594764
688,2,11,0.2666666666666666,1.0166666666666666,8,610008,0.4781165487522599,0.975592819961914,0.9993079193518174
689,2,11,0.2666666666666666,1.0166666666666666,9,610009,0.20662244756655,0.3011659299104324,0.9380858570677848
690,3,11,0.35,1.0166666666666666,0,610000,-0.0043539629374873,-0.1758059456602679,-0.0362671111677054
691,3,11,0.35,1.0166666666666666,1,610001,0.083167609413859,0.0892516897010863,0.5999463852875987
692,3,11,0.35,1.0166666666666666,2,610002,-0.1355850048943138,-0.4803410756524526,-0.8109764907546073
693,3,11,0.35,1.0166666666666666,3,610003,-0.1141160832261423,0.1639237209016084,-0.740220682273718
694,3,11,0.35,1.0166666666666666,4,610004,-0.0538573102930678,0.162574275375799,-0.4209210891634361
695,3,11,0.35,1.0166666666666666,5,610005,-0.1413835423623171,-0.108830002764662,-0.8268819759761834
696,3,11,0.35,1.0166666666666666,6,610006,-0.2036025204292985,-0.3892278637696241,-0.934993711265432
697,3,11,0.35,1.0166666666666666,7,610007,0.0126432656612081,-0.1454307606131979,0.1049724068622027
698,3,11,0.35,1.0166666666666666,8,610008,0.3430993455604658,0.104858591827648,0.9934510796723046
699,3,11,0.35,1.0166666666666666,9,610009,0.0666562885008391,-0.2458867226584845,0.5046079373511895
700,4,11,0.4333333333333333,1.0166666666666666,0,610000,-0.156562813369453,-0.2088235803352185,-0.8629256807858106
701,4,11,0.4333333333333333,1.0166666666666666,1,610001,-0.1449024434593153,-0.139277898703769,-0.8359341336475159
702,4,11,0.4333333333333333,1.0166666666666666,2,610002,0.022374417112163,-0.0839251516155159,0.1843224265885949
703,4,11,0.4333333333333333,1.0166666666666666,3,610003,-0.2177686940344543,-0.0122778063389692,-0.948311257024026
704,4,11,0.4333333333333333,1.0166666666666666,4,610004,-0.0790877920364949,0.3647694846452358,-0.577740793806513
705,4,11,0.4333333333333333,1.0166666666666666,5,610005,-0.2169959017342928,-0.0726146623035172,-0.9476587424652856
706,4,11,0.4333333333333333,1.0166666666666666,6,610006,-0.3006449854878211,-0.1150670369547532,-0.9867564728420256
707,4,11,0.4333333333333333,1.0166666666666666,7,610007,0.0531338044364122,0.1550940312688467,0.4159475355713795
708,4,11,0.4333333333333333,1.0166666666666666,8,610008,0.2857985574779709,0.2334310813388888,0.9830699170651246
709,4,11,0.4333333333333333,1.0166666666666666,9,610009,0.2231388067695489,0.2908486868103585,0.9526317004625184
710,5,11,0.5166666666666666,1.0166666666666666,0,610000,0.031001196905928,0.3870630387605748,0.2527453205410134
711,5,11,0.5166666666666666,1.0166666666666666,1,610001,0.0271124904477354,0.1919592003194315,0.2221698031419567
712,5,11,0.5166666666666666,1.0166666666666666,2,610002,0.0601266342792357,0.2095712062439848,0.4629466794378177
713,5,11,0.5166666666666666,1.0166666666666666,3,610003,0.0425304797853514,-0.0519508506171945,0.3402901710201366
714,5,11,0.5166666666666666,1.0166666666666666,4,610004,-0.222673395389883,-0.4420658692604317,-0.952271645118164
715,5,11,0.5166666666666666,1.0166666666666666,5,610005,0.207411275971449,0.7187188878736774,0.9388698065366752
716,5,11,0.5166666666666666,1.0166666666666666,6,610006,-0.2752680869497728,-0.1447076631686018,-0.9798545748127108
717,5,11,0.5166666666666666,1.0166666666666666,7,610007,0.1746070905539908,0.2764838447831206,0.89668870792734
718,5,11,0.5166666666666666,1.0166666666666666,8,610008,-0.0237473921000289,-0.0814913042675362,-0.1953514235619636
719,5,11,0.5166666666666666,1.0166666666666666,9,610009,0.1453413941701396,0.3582797773531458,0.8370325878637629
720,6,11,0.6,1.0166666666666666,0,610000,-0.0131603508561776,-0.0824092074155236,-0.1092320148019493
721,6,11,0.6,1.0166666666666666,1,610001,-0.0469407371079193,-0.1552333801459499,-0.3723708562152006
722,6,11,0.6,1.0166666666666666,2,610002,-0.0253761562828713,-0.039578010107167,-0.2083711603329088
723,6,11,0.6,1.0166666666666666,3,610003,-0.0438505906492843,-0.1807280726451411,-0.3499805495988498
724,6,11,0.6,1.0166666666666666,4,610004,0.0120768963890521,-0.0444195355302421,0.1003023917097895
725,6,11,0.6,1.0166666666666666,5,610005,0.0815665369423383,0.1859269345638571,0.5913380780733953
726,6,11,0.6,1.0166666666666666,6,610006,-0.2293117601735965,-0.3208800682120354,-0.9571635713588934
727,6,11,0.6,1.0166666666666666,7,610007,0.1156999928888605,0.3628656724688662,0.7461296343436313
728,6,11,0.6,1.0166666666666666,8,610008,0.055095315675501,0.2371438129921421,0.429372939629317
729,6,11,0.6,1.0166666666666666,9,610009,0.0159956469795612,0.1503435275539789,0.1325131503742598
730,7,11,0.6833333333333332,1.0166666666666666,0,610000,-0.0148217525889183,-0.1819359505214065,-0.1228903072339362
731,7,11,0.6833333333333332,1.0166666666666666,1,610001,-0.0623488720589458,-0.3114318541119208,-0.4773711062216763
732,7,11,0.6833333333333332,1.0166666666666666,2,610002,-0.0253557978675674,-0.3005067704230508,-0.2082088672420498
733,7,11,0.6833333333333332,1.0166666666666666,3,610003,-0.0879632022809183,-0.0124850112029093,-0.6249135532713974
734,7,11,0.6833333333333332,1.0166666666666666,4,610004,-0.0138071959573315,0.0090020574132905,-0.1145548889874058
735,7,11,0.6833333333333332,1.0166666666666666,5,610005,0.0512784505040258,0.1459062971840751,0.4030795157630763
736,7,11,0.6833333333333332,1.0166666666666666,6,610006,-0.1737817416643514,-0.270619387688848,-0.8953326444399846
737,7,11,0.6833333333333332,1.0166666666666666,7,610007,0.1115550589798477,0.0725826343026841,0.7304192402589835
738,7,11,0.6833333333333332,1.0166666666666666,8,610008,0.0480928620283879,0.1406258473945519,0.380610903773691
739,7,11,0.6833333333333332,1.0166666666666666,9,610009,0.0922841022947247,0.0647842808765004,0.6463674956442722
740,8,11,0.7666666666666666,1.0166666666666666,0,610000,0.0569222224842103,0.0101588885748124,0.4417088170729422
741,8,11,0.7666666666666666,1.0166666666666666,1,610001,0.0310504268184888,0.0119037843591725,0.253129323169826
742,8,11,0.7666666666666666,1.0166666666666666,2,610002,-0.1154701641942283,-0.3127458499161794,-0.745279412963023
743,8,11,0.7666666666666666,1.0166666666666666,3,610003,-0.2542910878759609,-0.1649063252743995,-0.9715432022563648
744,8,11,0.7666666666666666,1.0166666666666666,4,610004,0.0225470669288525,0.2374627328078297,0.1857119244866396
745,8,11,0.7666666666666666,1.0166666666666666,5,610005,-0.0414156253262974,0.0882721986430333,-0.3320497128832701
746,8,11,0.7666666666666666,1.0166666666666666,6,610006,-0.1061765245793771,-0.1126163360055545,-0.7088180153742749
747,8,11,0.7666666666666666,1.0166666666666666,7,610007,0.128623546962569,0.0587870209374264,0.79016203561451
748,8,11,0.7666666666666666,1.0166666666666666,8,610008,0.0205179085364096,-0.0042227734063048,0.1693356007423472
749,8,11,0.7666666666666666,1.0166666666666666,9,610009,0.1100736081711354,0.0136257931369541,0.724608146315127
750,9,11,0.85,1.0166666666666666,0,610000,0.0253856194734656,0.1149478984235588,0.2084465950321216
751,9,11,0.85,1.0166666666666666,1,610001,0.006482187148245,0.0813680337906022,0.0539657463227799
752,9,11,0.85,1.0166666666666666,2,610002,-0.0994208090228826,-0.1783867063053511,-0.6796733825911961
753,9,11,0.85,1.0166666666666666,3,610003,-0.1621271652772736,-0.1432864017148106,-0.8743031807347965
754,9,11,0.85,1.0166666666666666,4,610004,-0.0118309901895277,0.1172938114416336,-0.0982733754775287
755,9,11,0.85,1.0166666666666666,5,610005,0.0159057662389291,0.158144507902691,0.1317772236467964
756,9,11,0.85,1.0166666666666666,6,610006,-0.0946502723895685,0.0085305122126333,-0.6577016191410469
757,9,11,0.85,1.0166666666666666,7,610007,0.0711123969384723,0.0785345456761422,0.5317653507248349
758,9,11,0.85,1.0166666666666666,8,610008,-0.0133859468938381,-0.0156647073697881,-0.1110891671473584
759,9,11,0.85,1.0166666666666666,9,610009,0.0038872711572687,0.0060041637380356,0.0323826000314372
760,10,11,0.9333333333333332,1.0166666666666666,0,610000,0.0266431324755956,0.110385993627283,0.2184483321306899
761,10,11,0.9333333333333332,1.0166666666666666,1,610001,-0.0127428064230248,-0.0107428847439868,-0.105792701093684
762,10,11,0.9333333333333332,1.0166666666666666,2,610002,-0.1082584774040414,-0.1275689669659435,-0.7173450623395315
763,10,11,0.9333333333333332,1.0166666666666666,3,610003,-0.1428465322223446,-0.2950986028383967,-0.8306990918531765
764,10,11,0.9333333333333332,1.0166666666666666,4,610004,-0.0263909439808366,-0.0534586772456005,-0.2164461313816458
765,10,11,0.9333333333333332,1.0166666666666666,5,610005,-0.0272921543596981,0.2031294090911315,-0.2235926271781574
766,10,11,0.9333333333333332,1.0166666666666666,6,610006,-0.1966892639160668,-0.2312190480153179,-0.92734345419426
767,10,11,0.9333333333333332,1.0166666666666666,7,610007,0.0475708684678728,0.2077752393623882,0.3768849656332689
768,10,11,0.9333333333333332,1.0166666666666666,8,610008,0.0135856940625268,0.028930259884988,0.1127328794180802
769,10,11,0.9333333333333332,1.0166666666666666,9,610009,-0.0147675044757151,0.0931918926551056,-0.1224450420551848
770,11,11,1.0166666666666666,1.0166666666666666,0,610000,-0.0466131095593597,-0.1465047770897178,-0.37001681301765
771,11,11,1.0166666666666666,1.0166666666666666,1,610001,-0.0017700620090117,-0.1525912501471833,-0.0147494470401428
772,11,11,1.0166666666666666,1.0166666666666666,2,610002,-0.0840584954016339,-0.2838017049313006,-0.6046770971921476
773,11,11,1.0166666666666666,1.0166666666666666,3,610003,-0.094079264859713,-0.0914092331286399,-0.6549931130969645
774,11,11,1.0166666666666666,1.0166666666666666,4,610004,-0.0233933937929465,-0.0392530213296972,-0.1925123877030661
775,11,11,1.0166666666666666,1.0166666666666666,5,610005,-0.0417053426484237,0.0376001174588306,-0.3341961043118298
776,11,11,1.0166666666666666,1.0166666666666666,6,610006,-0.0881464622567577,-0.1271675447673696,-0.6258434471835779
777,11,11,1.0166666666666666,1.0166666666666666,7,610007,0.1144375665310294,0.2240912200944172,0.7414293993419045
778,11,11,1.0166666666666666,1.0166666666666666,8,610008,0.0781967116901585,0.2260949650917366,0.5727724737621387
779,11,11,1.0166666666666666,1.0166666666666666,9,610009,0.0474576707201286,0.0625666177638944,0.3760753540238609
780,0,12,0.1,1.1,0,610000,-0.4068431346202003,0.7077286039285313,-0.9977316589824404
781,0,12,0.1,1.1,1,610001,-0.5813668872617889,0.7778908562182597,-0.9998761405214088
782,0,12,0.1,1.1,2,610002,0.0431976994258303,0.7235086143130981,0.3451971472865383
783,0,12,0.1,1.1,3,610003,-0.78971972724201,-0.2673761804019683,-0.999996155435386
784,0,12,0.1,1.1,4,610004,-1.2883736052638748,-0.7199269591484967,-0.999999999054915
785,0,12,0.1,1.1,5,610005,-0.8285976618127536,0.2378617532979333,-0.9999979888721126
786,0,12,0.1,1.1,6,610006,-0.8503165773222101,0.3676645222105763,-0.9999985996613742
787,0,12,0.1,1.1,7,610007,0.1336792172698541,0.0624052832736604,0.8054694947061263
788,0,12,0.1,1.1,8,610008,1.0763856237571618,0.4832211282654531,0.9999999676487518
789,0,12,0.1,1.1,9,610009,0.5841986108114848,0.9527178669000902,0.999881849982914
790,1,12,0.1833333333333333,1.1,0,610000,-0.1663779030915402,0.2393749979364492,-0.8823946039375239
791,1,12,0.1833333333333333,1.1,1,610001,-0.3345481768648605,-0.1227871468428962,-0.9924517312118534
792,1,12,0.1833333333333333,1.1,2,610002,0.5184299399838164,1.1748498601894442,0.9996464651889904
793,1,12,0.1833333333333333,1.1,3,610003,-0.518157087948564,-1.1265113351923075,-0.9996448541024722
794,1,12,0.1833333333333333,1.1,4,610004,-0.0583483972640204,-0.3183769658042661,-0.4512244038324903
795,1,12,0.1833333333333333,1.1,5,610005,-0.2916746520400356,0.0352941101460771,-0.9846372274071322
796,1,12,0.1833333333333333,1.1,6,610006,-0.6698937326209797,-0.6826667560416014,-0.9999716749086436
797,1,12,0.1833333333333333,1.1,7,610007,0.1773387714686991,0.929395689726144,0.9010593315810602
798,1,12,0.1833333333333333,1.1,8,610008,0.565290227271822,1.0678113216752054,0.9998380847597848
799,1,12,0.1833333333333333,1.1,9,610009,0.6705275178984802,1.173134404565045,0.9999719725302136
800,2,12,0.2666666666666666,1.1,0,610000,-0.0124257278015587,-0.28887604156973,-0.1031792278831213
801,2,12,0.2666666666666666,1.1,1,610001,-0.1894919415543775,-0.5750064412886525,-0.9184611469030132
802,2,12,0.2666666666666666,1.1,2,610002,0.0427005259163492,-0.2132036003466467,0.3415425265441975
803,2,12,0.2666666666666666,1.1,3,610003,-0.1366058620877745,-0.4355700501535177,-0.8138686088774879
804,2,12,0.2666666666666666,1.1,4,610004,-0.0589202251407145,-0.1125790928441555,-0.455011247248069
805,2,12,0.2666666666666666,1.1,5,610005,-0.3015953237313856,-0.709144995384337,-0.9869632276452298
806,2,12,0.2666666666666666,1.1,6,610006,-0.577072216685475,-0.9002646112554666,-0.9998669505407052
807,2,12,0.2666666666666666,1.1,7,610007,0.1211608486097004,0.3940501584038816,0.7656270399550531
808,2,12,0.2666666666666666,1.1,8,610008,0.5682755413866254,1.077648852525405,0.999845943150942
809,2,12,0.2666666666666666,1.1,9,610009,0.2868366759160384,0.5152493257412234,0.9833579049225536
810,3,12,0.35,1.1,0,610000,0.0144527348011716,-0.1207399337531998,0.1198604645313459
811,3,12,0.35,1.1,1,610001,0.04833453071967,0.0179139599138876,0.3823317443852005
812,3,12,0.35,1.1,2,610002,0.0194169141203629,-0.0883562331826467,0.1604101183021478
813,3,12,0.35,1.1,3,610003,-0.2283412363497765,-0.2030388790531698,-0.9564802407829636
814,3,12,0.35,1.1,4,610004,-0.160515173683352,0.0998617997526994,-0.8711009686511033
815,3,12,0.35,1.1,5,610005,-0.0508258253898925,-0.0707428491249803,-0.3999156729808293
816,3,12,0.35,1.1,6,610006,-0.0583528352902561,-0.0743267998198917,-0.4512538569136919
817,3,12,0.35,1.1,7,610007,-0.1454041491757942,-0.4225418724701235,-0.8371890807691487
818,3,12,0.35,1.1,8,610008,0.4447157051050547,0.2838498661837705,0.9987927196096416
819,3,12,0.35,1.1,9,610009,0.0645623088139854,-0.1216661050349461,0.4914871414203842
820,4,12,0.4333333333333333,1.1,0,610000,-0.1998965487893516,-0.0375320692010935,-0.9309948280519096
821,4,12,0.4333333333333333,1.1,1,610001,-0.1296242929620038,-0.0183654704515715,-0.7932741574065527
822,4,12,0.4333333333333333,1.1,2,610002,0.0672257740046816,0.1665244416557281,0.5081367759509325
823,4,12,0.4333333333333333,1.1,3,610003,-0.1139029161315225,0.0608036739935975,-0.7394165660960477
824,4,12,0.4333333333333333,1.1,4,610004,-0.0856952756554477,0.2631792125003566,-0.6132584313001612
825,4,12,0.4333333333333333,1.1,5,610005,-0.217858186155066,-0.1450106582414582,-0.9483863070332744
826,4,12,0.4333333333333333,1.1,6,610006,-0.2708100874198638,-0.1465538642388214,-0.9783176056412382
827,4,12,0.4333333333333333,1.1,7,610007,0.046221876417861,0.1401585530320861,0.3671995205330254
828,4,12,0.4333333333333333,1.1,8,610008,0.3539504128115825,0.335100185096417,0.994531573284286
829,4,12,0.4333333333333333,1.1,9,610009,0.30298548476274,0.4321711385470264,0.9872599068938857
830,5,12,0.5166666666666666,1.1,0,610000,-0.1766994216883395,0.2402061812238949,-0.900052368323997
831,5,12,0.5166666666666666,1.1,1,610001,-0.1326104502955553,0.2044344626116142,-0.802318883123164
832,5,12,0.5166666666666666,1.1,2,610002,-0.0110533241265726,0.2699234494766601,-0.0918514118570924
833,5,12,0.5166666666666666,1.1,3,610003,-0.0976164457692128,-0.3349078445107302,-0.6715002456850464
834,5,12,0.5166666666666666,1.1,4,610004,-0.2542186673822049,-0.317477013498047,-0.9715093235184888
835,5,12,0.5166666666666666,1.1,5,610005,-0.1119074918272202,0.0867549913038726,-0.7317863502749649
836,5,12,0.5166666666666666,1.1,6,610006,-0.404230364787494,-0.4217795782072829,-0.9976308187761456
837,5,12,0.5166666666666666,1.1,7,610007,0.2082197799819879,0.3886669187809128,0.9396633309094706
838,5,12,0.5166666666666666,1.1,8,610008,0.3332593766081277,0.5439472424902068,0.9922884724045514
839,5,12,0.5166666666666666,1.1,9,610009,0.1693739207719866,0.2478165503691785,0.8878015105991253
840,6,12,0.6,1.1,0,610000,-0.0085516768060822,-0.0327447641174507,-0.0711435786405381
841,6,12,0.6,1.1,1,610001,0.0368405184771385,-0.0072203927292657,0.2977093683143434
842,6,12,0.6,1.1,2,610002,0.1510421360871885,0.219288421162571,0.850701024338005
843,6,12,0.6,1.1,3,610003,0.1432307301438783,-0.0908419568644986,0.8316887723670195
844,6,12,0.6,1.1,4,610004,0.1160361499297425,0.1188120873631345,0.7473688347159791
845,6,12,0.6,1.1,5,610005,0.0958386484046847,0.0147397378271583,0.6632843952613214
846,6,12,0.6,1.1,6,610006,-0.2604772362253029,-0.2987883274580926,-0.9742951559100026
847,6,12,0.6,1.1,7,610007,0.1396805589568243,0.5257555446704163,0.8223406893994889
848,6,12,0.6,1.1,8,610008,0.1124989573984448,0.3912184073208996,0.7340675130434314
849,6,12,0.6,1.1,9,610009,-0.0505327457520184,0.1701834328778056,-0.3978619489269671
850,7,12,0.6833333333333332,1.1,0,610000,0.002674787926622,-0.0790877744807084,0.0222862086203283
851,7,12,0.6833333333333332,1.1,1,610001,-0.0516689695248444,-0.115546510550718,-0.4058015204463195
852,7,12,0.6833333333333332,1.1,2,610002,0.004308819965067,0.0035421945275746,0.0358914094286103
853,7,12,0.6833333333333332,1.1,3,610003,-0.0437160058956836,-0.0590229031125065,-0.3489959972777262
854,7,12,0.6833333333333332,1.1,4,610004,-0.040146008480077,0.025678867064178,-0.3226032730396607
855,7,12,0.6833333333333332,1.1,5,610005,-0.0146767590088315,-0.0303609354028378,-0.1217000987253497
856,7,12,0.6833333333333332,1.1,6,610006,-0.2196537820295951,-0.3415174085918354,-0.9498699030234908
857,7,12,0.6833333333333332,1.1,7,610007,0.1007040599455152,0.1024686812439737,0.6853853618508248
858,7,12,0.6833333333333332,1.1,8,610008,0.1146590220697905,0.1970819312525178,0.742259242455331
859,7,12,0.6833333333333332,1.1,9,610009,0.1521377136582644,0.1615274593988017,0.8532041519161869
860,8,12,0.7666666666666666,1.1,0,610000,0.0268695531838162,0.0791896326340583,0.2202443895882421
861,8,12,0.7666666666666666,1.1,1,610001,0.0393591575214464,0.1434051861941326,0.3167162283178921
862,8,12,0.7666666666666666,1.1,2,610002,0.0166468775023069,0.0349900105646527,0.1378408924149186
863,8,12,0.7666666666666666,1.1,3,610003,-0.1470139573699785,-0.1229781305241221,-0.8411569208195246
864,8,12,0.7666666666666666,1.1,4,610004,0.0393957737043215,0.2324578089210463,0.3169907288145658
865,8,12,0.7666666666666666,1.1,5,610005,-0.0384050318227909,-0.0317559249691933,-0.3095448357344719
866,8,12,0.7666666666666666,1.1,6,610006,-0.1237341684538524,-0.1537618379671914,-0.7743563719042837
867,8,12,0.7666666666666666,1.1,7,610007,0.1502448828430261,0.1904327831197619,0.848854890196059
868,8,12,0.7666666666666666,1.1,8,610008,0.0859493421890934,0.1011398929596215,0.614577680509001
869,8,12,0.7666666666666666,1.1,9,610009,0.0909905691319669,0.087756488149104,0.6400478187888459
870,9,12,0.85,1.1,0,610000,-0.0411696680111892,0.1312000172670785,-0.3302248168064894
871,9,12,0.85,1.1,1,610001,-0.044366526535257,0.1078988619163794,-0.3537476975512593
872,9,12,0.85,1.1,2,610002,-0.0159299101440348,0.1036324377428254,-0.1319749237397406
873,9,12,0.85,1.1,3,610003,-0.1023023881123286,-0.1080053757679301,-0.6923836327092818
874,9,12,0.85,1.1,4,610004,-0.0249992657593446,0.0627274899231852,-0.2053648153454259
875,9,12,0.85,1.1,5,610005,-0.0037101899031328,0.0177568133091532,-0.0309084009806644
876,9,12,0.85,1.1,6,610006,-0.1174107746890462,-0.0414065608095725,-0.752382476581006
877,9,12,0.85,1.1,7,610007,0.0808828450245218,0.1474187168158125,0.5876204428982789
878,9,12,0.85,1.1,8,610008,0.050790281933534,0.0841584874304187,0.399666819336365
879,9,12,0.85,1.1,9,610009,0.058160795088445,0.15036182995649,0.4499784782518511
880,10,12,0.9333333333333332,1.1,0,610000,-0.0192288696667916,0.1250732749828604,-0.1588830206428809
881,10,12,0.9333333333333332,1.1,1,610001,-0.043863732227654,0.026015284491573,-0.3500766451982036
882,10,12,0.9333333333333332,1.1,2,610002,-0.0680376495976238,0.0725601076053523,-0.5131382294236334
883,10,12,0.9333333333333332,1.1,3,610003,-0.0558657658760153,-0.2461953134111879,-0.4345952141604932
884,10,12,0.9333333333333332,1.1,4,610004,-0.0575324064995545,-0.1539990744211789,-0.4457923853800011
885,10,12,0.9333333333333332,1.1,5,610005,-0.0124372244323079,0.0846730306584542,-0.1032740122638584
886,10,12,0.9333333333333332,1.1,6,610006,-0.2217110365135687,-0.2274639950482064,-0.9515186493601656
887,10,12,0.9333333333333332,1.1,7,610007,0.0620186214011655,0.271105273495865,0.4752433821751929
888,10,12,0.9333333333333332,1.1,8,610008,0.0935113284454017,0.147787637162573,0.652282375024437
889,10,12,0.9333333333333332,1.1,9,610009,0.0328021634914357,0.1859929731590845,0.2667405203545003
890,11,12,1.0166666666666666,1.1,0,610000,-0.0527493900793826,-0.0342139340384505,-0.4132947939108956
891,11,12,1.0166666666666666,1.1,1,610001,0.0037113353640323,0.0206228505901034,0.0309179373662441
892,11,12,1.0166666666666666,1.1,2,610002,0.02253791032971,0.0838015074342524,0.1856382501266177
893,11,12,1.0166666666666666,1.1,3,610003,-0.0967156135795988,-0.246099518911112,-0.6673574766611562
894,11,12,1.0166666666666666,1.1,4,610004,-0.048706803650297,-0.0095160840823132,-0.3849773894115043
895,11,12,1.0166666666666666,1.1,5,610005,-0.1213559619577514,-0.1416443569880776,-0.7662990434420619
896,11,12,1.0166666666666666,1.1,6,610006,-0.1897838780314063,-0.3290478011312644,-0.9188408591002676
897,11,12,1.0166666666666666,1.1,7,610007,0.0173838060751621,0.1368573993368108,0.1438601119318489
898,11,12,1.0166666666666666,1.1,8,610008,0.0413105085543042,0.1696114404259503,0.3312700953944736
899,11,12,1.0166666666666666,1.1,9,610009,0.0219677442510051,0.1080168530115959,0.1810465907737579
900,12,12,1.1,1.1,0,610000,-0.1398278150819607,-0.2058105084554081,-0.8227375805485351
901,12,12,1.1,1.1,1,610001,-0.0625610070383347,-0.1257070947018159,-0.4787348954691421
902,12,12,1.1,1.1,2,610002,-0.0440462080734598,-0.10525570816837,-0.3514102072939821
903,12,12,1.1,1.1,3,610003,-0.0080396536847755,-0.0374915941760835,-0.0668970523125003
904,12,12,1.1,1.1,4,610004,0.0220599385819085,0.0527908843018243,0.1817895905903466
905,12,12,1.1,1.1,5,610005,0.0005916586365591,-0.0351962682407618,0.0049304486854512
906,12,12,1.1,1.1,6,610006,-0.1595872106945904,-0.2207129038871528,-0.8692232825870525
907,12,12,1.1,1.1,7,610007,0.0485056542400782,0.1075230732102835,0.3835486559241865
908,12,12,1.1,1.1,8,610008,0.0670856682900981,0.1779153748390455,0.5072701788725201
909,12,12,1.1,1.1,9,610009,0.1049037942277633,0.1206036024988897,0.7035008969840836
