q_left,q_right,mean,std,n,sem
0.1,0.1,-0.2541134303058078,0.9717482074116033,10,0.3072937647606382
0.1,0.1833333333333333,-0.40222826260185646,0.9623037104835382,10,0.3043071525959233
0.1833333333333333,0.1833333333333333,-0.10654186242492829,0.9212032591560958,10,0.29131004869036237
0.1,0.2666666666666666,-0.40721770792164114,0.954293904106464,10,0.30177422941907367
0.1833333333333333,0.2666666666666666,-0.06522876408884737,0.9008060279987148,10,0.2848598778485347
0.2666666666666666,0.2666666666666666,-0.05818906245661461,0.7999397341178767,10,0.25296315506819944
0.1,0.35,-0.39987443019361185,0.9502987834994658,10,0.3005108613545548
0.1833333333333333,0.35,-0.07655491014993075,0.9489580157088817,10,0.30008687335139106
0.2666666666666666,0.35,-0.12861093199027115,0.9276201889686647,10,0.29333926006967787
0.35,0.35,0.0025299934427256976,0.8377547649624975,10,0.2649213177940517
0.1,0.4333333333333333,-0.39550832751895204,0.9592324280376137,10,0.3033359278092418
0.1833333333333333,0.4333333333333333,-0.18515696853511474,1.0012257123970214,10,0.31661537030992715
0.2666666666666666,0.4333333333333333,-0.2527576084625557,0.8399001472669598,10,0.2655997472474439
0.35,0.4333333333333333,-0.5485438646818616,0.510797759377625,10,0.16152843433439265
0.4333333333333333,0.4333333333333333,-0.40787045477543826,0.6498621292167903,10,0.20550444934117126
0.1,0.5166666666666666,-0.39262298646305577,0.95189220848727,10,0.3010147465787635
0.1833333333333333,0.5166666666666666,-0.07045957086494324,0.9807437646830778,10,0.3101384097406731
0.2666666666666666,0.5166666666666666,-0.08437888978793226,0.848482482879896,10,0.26831372006552945
0.35,0.5166666666666666,-0.44897245851815065,0.5731821266333031,10,0.18125610342602974
0.4333333333333333,0.5166666666666666,-0.23456732427421315,0.8317015355410328,10,0.2630071185769145
0.5166666666666666,0.5166666666666666,-0.08168141882172428,0.8166184100156612,10,0.2582374154874747
0.1,0.6,-0.4519729231706668,0.8697079951897542,10,0.2750258164058388
0.1833333333333333,0.6,-0.2763377484443329,0.8946256836939818,10,0.2829054813758341
0.2666666666666666,0.6,-0.33466424889130847,0.8694400747832144,10,0.2749410925342084
0.35,0.6,-0.44447223275660763,0.6953085512810072,10,0.2198758698639969
0.4333333333333333,0.6,-0.33624991105287283,0.7517522315274219,10,0.23772492877408932
0.5166666666666666,0.6,-0.30716574949935616,0.6965807588610187,10,0.2202781772249336
0.6,0.6,-0.24649199082479706,0.7365633624081985,10,0.2329217866241952
0.1,0.6833333333333332,-0.4267824406034853,0.8451789537311531,10,0.267269052422851
0.1833333333333333,0.6833333333333332,-0.23711434407547927,0.9189535759862747,10,0.29059863640732414
0.2666666666666666,0.6833333333333332,-0.3194760498271266,0.8030988259285209,10,0.25396214761412156
0.35,0.6833333333333332,-0.1312846960396453,0.6880103144197535,10,0.21756796472550088
0.4333333333333333,0.6833333333333332,-0.34173902765103026,0.6953565686733095,10,0.21989105429669462
0.5166666666666666,0.6833333333333332,-0.20212874115895246,0.6716126332746927,10,0.21238256264914188
0.6,0.6833333333333332,-0.09010121993075096,0.6798813338160453,10,0.21499735534919606
0.6833333333333332,0.6833333333333332,-0.02697553638146084,0.627251341740454,10,0.19835429052964795
0.1,0.7666666666666666,-0.34664623688031027,0.9079469250961935,10,0.28711802778502654
0.1833333333333333,0.7666666666666666,-0.11253660122980833,0.9706888784538756,10,0.306958775530859
0.2666666666666666,0.7666666666666666,-0.09266944053327528,0.8268563059030458,10,0.26147492243265535
0.35,0.7666666666666666,-0.40943016418121114,0.7581761549406452,10,0.2397563517241162
0.4333333333333333,0.7666666666666666,-0.16473600129773247,0.6535757363249834,10,0.20667879502085942
0.5166666666666666,0.7666666666666666,-0.28621008114250013,0.6010153940006546,10,0.19005775538655667
0.6,0.7666666666666666,-0.2247589403783508,0.5333477889240742,10,0.16865937980148
0.6833333333333332,0.7666666666666666,-0.19666017788073487,0.5259583844343302,10,0.16632264492749346
0.7666666666666666,0.7666666666666666,-0.16135899495819073,0.6699760685456136,10,0.21186503544092328
0.1,0.85,-0.3924816224579411,0.8711102304648994,10,0.275469242134328
0.1833333333333333,0.85,-0.19389956168702502,0.9514479003117268,10,0.3008742439969885
0.2666666666666666,0.85,-0.2874063712673429,0.8070295689619555,10,0.25520515770237084
0.35,0.85,-0.45599126119600797,0.7725144210115333,10,0.24429050957226817
0.4333333333333333,0.85,-0.18258423063589438,0.6567598491764552,10,0.20768569991462585
0.5166666666666666,0.85,-0.2010934128524414,0.6893415263498179,10,0.21798893090024013
0.6,0.85,0.0042325908081696,0.6113655151333977,10,0.19333075107036765
0.6833333333333332,0.85,-0.14542597902879764,0.6252067631313254,10,0.19770773800363736
0.7666666666666666,0.85,-0.20910466427562852,0.6566460253910944,10,0.2076497056732616
0.85,0.85,-0.21436987435653476,0.5869237623043652,10,0.185601590175707
0.1,0.9333333333333332,-0.3272152368877957,0.9232087331324202,10,0.29194423524570035
0.1833333333333333,0.9333333333333332,-0.16746952151315747,0.9930033482189984,10,0.31401523045453406
0.2666666666666666,0.9333333333333332,-0.13499395691224203,0.8292085340688258,10,0.2622187622906818
0.35,0.9333333333333332,-0.4134850424013831,0.7596667897403356,10,0.24022773183676926
0.4333333333333333,0.9333333333333332,-0.2868561383407614,0.8950496209494625,10,0.2830395421070661
0.5166666666666666,0.9333333333333332,0.17094525590084567,0.5824013720983979,10,0.18417148482381754
0.6,0.9333333333333332,-0.12459892507556751,0.5762908512180492,10,0.18223916845662563
0.6833333333333332,0.9333333333333332,-0.04004598259102288,0.6438403305172232,10,0.20360018939100405
0.7666666666666666,0.9333333333333332,-0.15529895371288552,0.6568600257208476,10,0.2077173785194663
0.85,0.9333333333333332,-0.29754393267670737,0.4376314472493069,10,0.13839121490236397
0.9333333333333332,0.9333333333333332,-0.1172022104102417,0.6248974980013693,10,0.19760993978248445
0.1,1.0166666666666666,-0.32170463368851476,0.9321670589640412,10,0.29477710661068474
0.1833333333333333,1.0166666666666666,-0.11982303677757625,0.9668834685651583,10,0.3057553992629715
0.2666666666666666,1.0166666666666666,-0.07522531429900943,0.8500055780403727,10,0.268795365045558
0.35,1.0166666666666666,-0.15672832514277868,0.6919327075918886,10,0.21880833435576488
0.4333333333333333,1.0166666666666666,-0.2623355500883559,0.8124703084970905,10,0.25692567061104604
0.5166666666666666,1.0166666666666666,0.1823265432975864,0.6993787815969356,10,0.22116298970397694
0.6,1.0166666666666666,0.0002538041822590986,0.5111022567026688,10,0.16162472484324938
0.6833333333333332,1.0166666666666666,-0.028279421195642696,0.5519903536146108,10,0.17455467638639277
0.7666666666666666,1.0166666666666666,-0.01930344960755408,0.6307005771759722,10,0.19944503454588794
0.85,1.0166666666666666,-0.14627032093339568,0.44901525742913495,10,0.14199109176429073
0.9333333333333332,1.0166666666666666,-0.2435597932913601,0.44682773221707733,10,0.14129933555337623
1.0166666666666666,1.0166666666666666,-0.11067111824174744,0.5130460237963654,10,0.1622393979689461
0.1,1.1,-0.28470520829033064,0.9399965435002325,10,0.2972530070146279
0.1833333333333333,1.1,-0.14098086413400665,0.9745650236822537,10,0.30818452027718585
0.2666666666666666,1.1,-0.11869769945248802,0.831738060595422,10,0.2630186688132677
0.35,1.1,-0.13630576318490167,0.6648098216245372,10,0.21023132471837988
0.4333333333333333,1.1,-0.2146520118867054,0.8280806944190037,10,0.26186210807779337
0.5166666666666666,1.1,-0.2346896087645752,0.8493638784398304,10,0.26859244181442465
0.6,1.1,0.3503859913962081,0.6326784475959083,10,0.20007049209025513
0.6833333333333332,1.1,0.01900555817587344,0.5825653665407076,10,0.18422334441994828
0.7666666666666666,1.1,0.11702145001712441,0.5814036767807156,10,0.1838559858623414
0.85,1.1,-0.10597210232273724,0.4637311102795551,10,0.1466446530362116
0.9333333333333332,1.1,-0.15630118788751063,0.49361972406774823,10,0.15609626260379197
1.0166666666666666,1.1,-0.22780365769329433,0.4565029897839245,10,0.14435892063937783
1.1,1.1,-0.08079632471546241,0.5433164734157779,10,0.17181175462841816
