trial,time_s,center_m
aligned_1,0.0,-0.0
aligned_1,0.2,-0.0003952309489250183
aligned_1,0.4,-0.0018340609967708588
aligned_1,0.6000000000000001,-0.0026666447520256042
aligned_1,0.8,-0.00047434866428375244
aligned_1,1.0,0.004319436848163605
aligned_1,1.2000000000000002,0.014481499791145325
aligned_1,1.4000000000000001,0.027666393667459488
aligned_1,1.6,0.042880766093730927
aligned_1,1.8,0.05160995572805405
aligned_1,2.0,0.057264260947704315
aligned_1,2.2,0.055163197219371796
aligned_1,2.4000000000000004,0.05256650969386106
aligned_1,2.6,0.047012537717819214
aligned_1,2.8000000000000003,0.03008557483553892
aligned_1,3.0,0.017752256244421005
aligned_1,3.2,0.017158322036266327
aligned_1,3.4000000000000004,0.021413438022136688
aligned_1,3.6,0.02564221620559698
aligned_1,3.8000000000000003,0.0362002737820149
aligned_1,4.0,0.03846314549446106
aligned_1,4.2,0.033696047961711884
aligned_1,4.4,0.024943213909864426
aligned_1,4.6000000000000005,0.017204653471708298
aligned_1,4.800000000000001,0.01449807733297348
aligned_1,5.0,0.014172855764627457
aligned_1,5.2,0.014122974127531052
aligned_1,5.4,0.014230974018573761
aligned_1,5.6000000000000005,0.014452788978815134
aligned_1,5.800000000000001,0.015142317861318644
aligned_1,6.0,0.015877485275268555
aligned_1,6.2,0.01424076035618782
aligned_1,6.4,0.012439984828233719
aligned_1,6.6000000000000005,0.013007942587137222
aligned_1,6.800000000000001,0.0160997211933136
aligned_1,7.0,0.02604309469461441
aligned_1,7.2,0.037761837244033813
aligned_1,7.4,0.05428498238325119
aligned_1,7.6000000000000005,0.07034477218985558
aligned_1,7.800000000000001,0.07871823385357857
aligned_1,8.0,0.07969408109784132
aligned_1,8.200000000000001,0.07619626447558403
aligned_1,8.4,0.07146969065070152
aligned_1,8.6,0.05504573881626135
aligned_1,8.8,0.04400986433029175
aligned_1,9.0,0.03947101905941969
aligned_1,9.200000000000001,0.04279565066099167
aligned_1,9.4,0.046369705349206924
aligned_1,9.600000000000001,0.05374220758676529
aligned_1,9.8,0.05913213640451431
aligned_1,10.0,0.05681431666016579
aligned_1,10.200000000000001,0.04956726357340813
aligned_1,10.4,0.041328828781843185
aligned_1,10.600000000000001,0.03662997484207159
aligned_1,10.8,0.036190662533044815
aligned_1,11.0,0.04129673168063169
aligned_1,11.200000000000001,0.04671911895275116
aligned_1,11.4,0.050509415566921234
aligned_1,11.600000000000001,0.05501687899231911
aligned_1,11.8,0.05744064226746565
aligned_1,12.0,0.057553328573703766
aligned_1,12.200000000000001,0.05646697059273725
aligned_1,12.4,0.054934509098529816
aligned_1,12.600000000000001,0.05595382675528526
aligned_1,12.8,0.0664394162595272
aligned_1,13.0,0.08123699575662613
aligned_1,13.200000000000001,0.09446447156369686
aligned_1,13.4,0.10831763595342636
aligned_1,13.600000000000001,0.11962651461362839
aligned_1,13.8,0.12583761289715767
aligned_1,14.0,0.12422670796513557
aligned_1,14.200000000000001,0.1198301874101162
aligned_1,14.4,0.11413321830332279
aligned_1,14.600000000000001,0.10092131979763513
aligned_1,14.8,0.08982940018177038
aligned_1,15.0,0.07935679331421852
aligned_1,15.200000000000001,0.08130918443202972
aligned_1,15.4,0.08502882346510887
aligned_1,15.600000000000001,0.08821387588977814
aligned_1,15.8,0.08801500871777534
aligned_1,16.0,0.08308373764157295
aligned_1,16.2,0.07628685235977173
aligned_1,16.400000000000002,0.06503575295209885
aligned_1,16.6,0.06304540112614632
aligned_1,16.8,0.06371970102190977
aligned_1,17.0,0.06688084080815315
aligned_1,17.2,0.07008504867553711
aligned_1,17.400000000000002,0.07367229461669922
aligned_1,17.6,0.07730522751808167
aligned_1,17.8,0.07884709164500237
aligned_1,18.0,0.07813509181141853
aligned_1,18.2,0.07614578306674957
aligned_1,18.400000000000002,0.07689937204122543
aligned_1,18.6,0.08167949691414833
aligned_1,18.8,0.08933151513338089
aligned_1,19.0,0.10271100886166096
aligned_1,19.200000000000003,0.11232800781726837
aligned_1,19.400000000000002,0.12521186470985413
aligned_1,19.6,0.14093522168695927
aligned_1,19.8,0.1435189414769411
aligned_1,20.0,0.1384307350963354
aligned_1,20.200000000000003,0.13135516457259655
aligned_1,20.400000000000002,0.12118143215775495
aligned_1,20.6,0.11989837512373924
aligned_1,20.8,0.11788925901055336
aligned_1,21.0,0.10660807974636555
aligned_1,21.200000000000003,0.10025395452976227
aligned_1,21.400000000000002,0.10302950441837311
aligned_1,21.6,0.10488339513540268
aligned_1,21.8,0.10246537998318672
aligned_1,22.0,0.09494840353727335
aligned_1,22.200000000000003,0.08788923546671873
aligned_1,22.400000000000002,0.08385685458779335
aligned_1,22.6,0.0837017372250557
aligned_1,22.8,0.0912276841700077
aligned_1,23.0,0.09369726106524467
aligned_1,23.200000000000003,0.09643484279513359
aligned_1,23.400000000000002,0.09851524233818054
aligned_1,23.6,0.10003454610705376
aligned_1,23.8,0.10008187219500542
aligned_1,24.0,0.0992998257279396
aligned_1,24.200000000000003,0.09848106279969215
aligned_1,24.400000000000002,0.10044166818261152
aligned_1,24.6,0.10709277167916298
aligned_1,24.8,0.11595502682030207
aligned_1,25.0,0.1272553037852049
aligned_1,25.200000000000003,0.14008658379316324
aligned_1,25.400000000000002,0.1536330245435238
aligned_1,25.6,0.15961757767945522
aligned_1,25.8,0.1585886888206005
aligned_1,26.0,0.15402624290436506
aligned_1,26.200000000000003,0.15140903182327747
aligned_1,26.400000000000002,0.1407101508229971
aligned_1,26.6,0.12252833135426044
aligned_1,26.8,0.1205964982509613
aligned_1,27.0,0.1237177699804306
aligned_1,27.200000000000003,0.1271512713283301
aligned_1,27.400000000000002,0.12913419678807259
aligned_1,27.6,0.12854891270399094
aligned_1,27.8,0.12445361167192459
aligned_1,28.0,0.11679022200405603
aligned_1,28.200000000000003,0.11021608300507063
aligned_1,28.400000000000002,0.10284582152962685
aligned_1,28.6,0.10317749157547951
aligned_1,28.8,0.10368948802351952
aligned_1,29.0,0.1034419983625412
aligned_1,29.200000000000003,0.10350432991981506
aligned_1,29.400000000000002,0.10421961545944214
aligned_1,29.6,0.10563039779663091
aligned_1,29.8,0.10506557486951351
aligned_1,30.0,0.1050364077091217
aligned_1,30.200000000000003,0.10624374635517597
aligned_1,30.400000000000002,0.10938374698162079
aligned_1,30.6,0.1163058653473854
aligned_1,30.8,0.1310867816209793
aligned_1,31.0,0.14215615205466747
aligned_1,31.200000000000003,0.1534884124994278
aligned_1,31.400000000000002,0.16295219957828522
aligned_1,31.6,0.16489809658378363
aligned_1,31.8,0.1625889036804437
aligned_1,32.0,0.15946820937097073
aligned_1,32.2,0.1475597880780697
aligned_1,32.4,0.1327094305306673
aligned_1,32.6,0.11962279304862022
aligned_1,32.800000000000004,0.12229428067803383
aligned_1,33.0,0.12607640027999878
aligned_1,33.2,0.12931710481643677
aligned_1,33.4,0.13264118507504463
aligned_1,33.6,0.13059958070516592
aligned_1,33.800000000000004,0.12447923980653286
aligned_1,34.0,0.11603264324367046
aligned_1,34.2,0.11052078008651733
aligned_1,34.4,0.10978651419281954
aligned_1,34.6,0.11389522813260555
aligned_1,34.800000000000004,0.11402104049921036
aligned_1,35.0,0.11358791217207909
aligned_1,35.2,0.11388421058654785
aligned_1,35.4,0.11452354863286024
aligned_1,35.6,0.11620522849261761
aligned_1,35.800000000000004,0.11323024518787861
aligned_1,36.0,0.11321809515357023
aligned_1,36.2,0.11510538309812546
aligned_1,36.4,0.1189412958920002
aligned_1,36.6,0.12881770357489591
aligned_1,36.800000000000004,0.1401487085968256
aligned_1,37.0,0.15187972597777843
aligned_1,37.2,0.16467219032347202
aligned_1,37.4,0.17217840254306793
aligned_1,37.6,0.17091078869998455
aligned_1,37.800000000000004,0.16664541885256767
aligned_1,38.0,0.160487225279212
aligned_1,38.2,0.13762509636580944
aligned_1,38.400000000000006,0.12858229689300055
aligned_1,38.6,0.12542419508099556
aligned_1,38.800000000000004,0.12873237766325474
aligned_1,39.0,0.132527083158493
aligned_1,39.2,0.13800275698304176
aligned_1,39.400000000000006,0.14125472120940685
aligned_1,39.6,0.13725334778428078
aligned_1,39.800000000000004,0.1283652707934379
aligned_1,40.0,0.120808070525527
aligned_1,40.2,0.11232365481555462
aligned_1,40.400000000000006,0.11413032561540604
aligned_1,40.6,0.11778202280402184
aligned_1,40.800000000000004,0.12112979218363762
aligned_1,41.0,0.12559313885867596
aligned_1,41.2,0.12632505036890507
aligned_1,41.400000000000006,0.12737156450748444
aligned_1,41.6,0.1272311508655548
aligned_1,41.800000000000004,0.12440342456102371
aligned_1,42.0,0.12495347484946251
aligned_1,42.2,0.12825799733400345
aligned_1,42.400000000000006,0.13908843882381916
aligned_1,42.6,0.1496075950562954
aligned_1,42.800000000000004,0.16039469372481108
aligned_1,43.0,0.1710006725043059
aligned_1,43.2,0.18586030416190624
aligned_1,43.400000000000006,0.18948824983090162
aligned_1,43.6,0.1868699761107564
aligned_1,43.800000000000004,0.18109982740134
aligned_1,44.0,0.16723667923361063
aligned_1,44.2,0.15112660452723503
aligned_1,44.400000000000006,0.1430305503308773
aligned_1,44.6,0.14288891851902008
aligned_1,44.800000000000004,0.1429045833647251
aligned_1,45.0,0.14345596358180046
aligned_1,45.2,0.14375254325568676
aligned_1,45.400000000000006,0.14211153239011765
aligned_1,45.6,0.13579118065536028
aligned_1,45.800000000000004,0.1221774965524674
aligned_1,46.0,0.11362382583320146
aligned_1,46.2,0.11269770562648779
aligned_1,46.400000000000006,0.11360488459467888
aligned_1,46.6,0.11506574973464012
aligned_1,46.800000000000004,0.11733506061136723
aligned_1,47.0,0.12465000711381435
aligned_1,47.2,0.13072549924254417
aligned_1,47.400000000000006,0.13122880458831787
aligned_1,47.6,0.13051157630980015
aligned_1,47.800000000000004,0.12947732768952847
aligned_1,48.0,0.13056423887610435
aligned_1,48.2,0.1364651694893837
aligned_1,48.400000000000006,0.14229688234627247
aligned_1,48.6,0.15547457244247198
aligned_1,48.800000000000004,0.16580041032284498
aligned_1,49.0,0.17851649411022663
aligned_1,49.2,0.18881435599178076
aligned_1,49.400000000000006,0.18865989334881306
aligned_1,49.6,0.18490211013704538
aligned_1,49.800000000000004,0.18050744850188494
aligned_1,50.0,0.16859944630414253
aligned_1,50.2,0.14694981835782528
aligned_1,50.400000000000006,0.14235980436205864
aligned_1,50.6,0.14536790922284126
aligned_1,50.800000000000004,0.1481370497494936
aligned_1,51.0,0.1513170339167118
aligned_1,51.2,0.15239272639155388
aligned_1,51.400000000000006,0.1446556355804205
aligned_1,51.6,0.13648106530308723
aligned_1,51.800000000000004,0.12809680961072445
aligned_1,52.0,0.12367565184831619
aligned_1,52.2,0.12151007726788521
aligned_1,52.400000000000006,0.12313456088304525
aligned_1,52.6,0.12306918948888779
aligned_1,52.800000000000004,0.12302159518003469
aligned_1,53.0,0.12331321090459824
aligned_1,53.2,0.12431107461452484
aligned_1,53.400000000000006,0.12530049681663513
aligned_1,53.6,0.12352432310581207
aligned_1,53.800000000000004,0.12320566363632679
aligned_1,54.0,0.12527270801365376
aligned_1,54.2,0.13223890587687498
aligned_1,54.400000000000006,0.14440161176025867
aligned_1,54.6,0.1569970678538084
aligned_1,54.800000000000004,0.1671031452715397
aligned_1,55.0,0.17905289959162474
aligned_1,55.2,0.18653323594480753
aligned_1,55.400000000000006,0.18566167820245028
aligned_1,55.6,0.18159961700439453
aligned_1,55.800000000000004,0.17563887126743793
aligned_1,56.0,0.15764337219297886
aligned_1,56.2,0.14487382583320146
aligned_1,56.400000000000006,0.1414005421102047
aligned_1,56.6,0.14101127348840237
aligned_1,56.800000000000004,0.14423175901174545
aligned_1,57.0,0.1479819193482399
aligned_1,57.2,0.1477157026529312
aligned_1,57.400000000000006,0.1440159808844328
aligned_1,57.6,0.13576237484812737
aligned_1,57.800000000000004,0.12842904590070248
aligned_1,58.0,0.12143487483263016
aligned_1,58.2,0.12223372980952263
aligned_1,58.400000000000006,0.12236768752336502
aligned_1,58.6,0.12252787873148924
aligned_1,58.800000000000004,0.12249945104122162
aligned_1,59.0,0.12341000884771347
aligned_1,59.2,0.12471374124288565
aligned_1,59.400000000000006,0.12399657256901259
aligned_1,59.6,0.1238277219235897
aligned_1,59.800000000000004,0.1240403801202774
aligned_1,60.0,0.12704477459192276
aligned_1,60.2,0.1324345394968987
aligned_1,60.400000000000006,0.14357716217637062
aligned_1,60.6,0.1592871518805623
aligned_1,60.800000000000004,0.17094694823026657
aligned_1,61.0,0.18084660544991493
aligned_1,61.2,0.18269610684365034
aligned_1,61.400000000000006,0.1805206499993801
aligned_1,61.6,0.1767440140247345
aligned_1,61.800000000000004,0.16709137335419655
aligned_1,62.0,0.14798782020807266
aligned_1,62.2,0.1406205389648676
aligned_1,62.400000000000006,0.14412075281143188
aligned_1,62.6,0.14759022369980812
aligned_1,62.800000000000004,0.1516449674963951
aligned_1,63.0,0.15637560933828354
aligned_1,63.2,0.15508795157074928
aligned_1,63.400000000000006,0.1496461983770132
aligned_1,63.6,0.1418234221637249
aligned_1,63.800000000000004,0.13441891036927694
aligned_1,64.0,0.13248777016997337
aligned_1,64.2,0.1381295565515756
aligned_1,64.4,0.14336941577494144
aligned_1,64.60000000000001,0.1468484085053206
aligned_1,64.8,0.14995094388723373
aligned_1,65.0,0.15174455381929874
aligned_1,65.2,0.15268221497535706
aligned_1,65.4,0.1516113057732582
aligned_1,65.60000000000001,0.152165612205863
aligned_1,65.8,0.15290144830942154
aligned_1,66.0,0.1589544638991356
aligned_1,66.2,0.1690125772729516
aligned_1,66.4,0.17868922278285027
aligned_1,66.60000000000001,0.18862343672662973
aligned_1,66.8,0.19935247208923101
aligned_1,67.0,0.20482234610244632
aligned_1,67.2,0.2043069377541542
aligned_1,67.4,0.20095006190240383
aligned_1,67.60000000000001,0.19692431669682264
aligned_1,67.8,0.18094618897885079
aligned_1,68.0,0.17385341599583626
aligned_1,68.2,0.16688598692417145
aligned_1,68.4,0.16987831238657236
aligned_1,68.60000000000001,0.17369769606739283
aligned_1,68.8,0.17637250572443008
aligned_1,69.0,0.1767624467611313
aligned_1,69.2,0.1736936718225479
aligned_1,69.4,0.1676388457417488
aligned_1,69.60000000000001,0.15994682535529137
aligned_1,69.8,0.1509876549243927
aligned_1,70.0,0.1510617733001709
aligned_1,70.2,0.15103423967957497
aligned_1,70.4,0.15125041641294956
aligned_1,70.60000000000001,0.15138515457510948
aligned_1,70.8,0.15168024227023125
aligned_1,71.0,0.15322213992476463
aligned_1,71.2,0.1529559101909399
aligned_1,71.4,0.15175992622971535
aligned_1,71.60000000000001,0.15163709595799446
aligned_1,71.8,0.1533782035112381
aligned_1,72.0,0.15820711106061935
aligned_1,72.2,0.16431279107928276
aligned_1,72.4,0.17417387757450342
aligned_1,72.60000000000001,0.18621505796909332
aligned_1,72.8,0.1978814983740449
aligned_1,73.0,0.20070958510041237
aligned_1,73.2,0.1989288004115224
aligned_1,73.4,0.19507337361574173
aligned_1,73.60000000000001,0.18805707804858685
aligned_1,73.8,0.16834445297718048
aligned_1,74.0,0.15602672286331654
aligned_1,74.2,0.1498909555375576
aligned_1,74.4,0.15361928381025797
aligned_1,74.60000000000001,0.156817015260458
aligned_1,74.8,0.16040370985865599
aligned_1,75.0,0.16064289025962353
aligned_1,75.2,0.1566320974379778
aligned_1,75.4,0.14955352805554867
aligned_1,75.60000000000001,0.1409627366811037
aligned_1,75.8,0.13475334644317627
aligned_1,76.0,0.13549203053116798
aligned_1,76.2,0.14280416071414948
aligned_1,76.4,0.14564768224954605
aligned_1,76.60000000000001,0.14790825173258781
aligned_1,76.80000000000001,0.14940632693469524
aligned_1,77.0,0.1516872737556696
aligned_1,77.2,0.15186670422554016
aligned_1,77.4,0.14932645484805107
aligned_1,77.60000000000001,0.14961548522114754
aligned_1,77.80000000000001,0.15245812572538853
aligned_1,78.0,0.16579448897391558
aligned_1,78.2,0.18162532709538937
aligned_1,78.4,0.19415928050875664
aligned_1,78.60000000000001,0.20567168667912483
aligned_1,78.80000000000001,0.2147449841722846
aligned_1,79.0,0.22044082079082727
aligned_1,79.2,0.2180734751746059
aligned_1,79.4,0.2133337832055986
aligned_1,79.60000000000001,0.2077157492749393
aligned_1,79.80000000000001,0.19566915882751346
aligned_1,80.0,0.1812358032912016
aligned_2,0.0,0.0
aligned_2,0.2,0.00021023675799369812
aligned_2,0.4,-0.0012469664216041565
aligned_2,0.6000000000000001,-0.0029123984277248383
aligned_2,0.8,0.00011586025357246399
aligned_2,1.0,0.004987969994544983
aligned_2,1.2000000000000002,0.02022869884967804
aligned_2,1.4000000000000001,0.041116297245025635
aligned_2,1.6,0.06195801869034767
aligned_2,1.8,0.07343105226755142
aligned_2,2.0,0.08040447533130646
aligned_2,2.2,0.07983197644352913
aligned_2,2.4000000000000004,0.07532643154263494
aligned_2,2.6,0.07123187184333801
aligned_2,2.8000000000000003,0.0676518231630325
aligned_2,3.0,0.06830364465713501
aligned_2,3.2,0.07214447483420372
aligned_2,3.4000000000000004,0.0839017257094383
aligned_2,3.6,0.09205589815974236
aligned_2,3.8000000000000003,0.09251123294234276
aligned_2,4.0,0.09153208509087563
aligned_2,4.2,0.08389993757009506
aligned_2,4.4,0.07636275514960289
aligned_2,4.6000000000000005,0.07275670766830442
aligned_2,4.800000000000001,0.07225159928202629
aligned_2,5.0,0.07660672813653946
aligned_2,5.2,0.09001210704445839
aligned_2,5.4,0.09236184507608414
aligned_2,5.6000000000000005,0.09295881912112233
aligned_2,5.800000000000001,0.09490327909588814
aligned_2,6.0,0.09389690682291985
aligned_2,6.2,0.09388959407806394
aligned_2,6.4,0.09569581970572472
aligned_2,6.6000000000000005,0.09932242706418037
aligned_2,6.800000000000001,0.11302150785923004
aligned_2,7.0,0.1342210378497839
aligned_2,7.2,0.15304755046963692
aligned_2,7.4,0.17875295039266348
aligned_2,7.6000000000000005,0.19197032507508993
aligned_2,7.800000000000001,0.18917399644851685
aligned_2,8.0,0.18067963048815727
aligned_2,8.200000000000001,0.17606007307767868
aligned_2,8.4,0.177347119897604
aligned_2,8.6,0.17944293282926083
aligned_2,8.8,0.1802532384172082
aligned_2,9.0,0.18782802857458591
aligned_2,9.200000000000001,0.18308813869953156
aligned_2,9.4,0.1753596942871809
aligned_2,9.600000000000001,0.17169342190027237
aligned_2,9.8,0.1726768054068088
aligned_2,10.0,0.17765972577035427
aligned_2,10.200000000000001,0.189965158700943
aligned_2,10.4,0.19214004185050726
aligned_2,10.600000000000001,0.19313869811594486
aligned_2,10.8,0.19193733856081963
aligned_2,11.0,0.19364749360829592
aligned_2,11.200000000000001,0.19481526874005795
aligned_2,11.4,0.19656924344599247
aligned_2,11.600000000000001,0.21990295220166445
aligned_2,11.8,0.240854236879386
aligned_2,12.0,0.241975462064147
aligned_2,12.200000000000001,0.24002815131098032
aligned_2,12.4,0.2341466462239623
aligned_2,12.600000000000001,0.228237921372056
aligned_2,12.8,0.2191851525567472
aligned_2,13.0,0.2274401094764471
aligned_2,13.200000000000001,0.22431032080203295
aligned_2,13.4,0.21697515528649092
aligned_2,13.600000000000001,0.20983396470546722
aligned_2,13.8,0.20265606883913279
aligned_2,14.0,0.19202263094484806
aligned_2,14.200000000000001,0.17941474169492722
aligned_2,14.4,0.17341969162225723
aligned_2,14.600000000000001,0.1735388645902276
aligned_2,14.8,0.1736137792468071
aligned_2,15.0,0.17357838340103626
aligned_2,15.200000000000001,0.17402675282210112
aligned_2,15.4,0.17574659921228886
aligned_2,15.600000000000001,0.1771359033882618
aligned_2,15.8,0.17590149864554405
aligned_2,16.0,0.17585992254316807
aligned_2,16.2,0.1764700897037983
aligned_2,16.400000000000002,0.18182558566331863
aligned_2,16.6,0.1952835014089942
aligned_2,16.8,0.21006566565483809
aligned_2,17.0,0.22036652266979218
aligned_2,17.2,0.23818274354562163
aligned_2,17.400000000000002,0.24914713483303785
aligned_2,17.6,0.2503462340682745
aligned_2,17.8,0.2464750623330474
aligned_2,18.0,0.24161987006664276
aligned_2,18.2,0.23561251815408468
aligned_2,18.400000000000002,0.23182000080123544
aligned_2,18.6,0.23089426336809993
aligned_2,18.8,0.2382016209885478
aligned_2,19.0,0.2378735151141882
aligned_2,19.200000000000003,0.23601431120187044
aligned_2,19.400000000000002,0.2333139858674258
aligned_2,19.6,0.23089811485260725
aligned_2,19.8,0.22320220060646534
aligned_2,20.0,0.20842650718986988
aligned_2,20.200000000000003,0.19659786950796843
aligned_2,20.400000000000002,0.1963999317958951
aligned_2,20.6,0.1961863823235035
aligned_2,20.8,0.1961484318599105
aligned_2,21.0,0.19618322420865297
aligned_2,21.200000000000003,0.1969043854624033
aligned_2,21.400000000000002,0.1986565962433815
aligned_2,21.6,0.19989212695509195
aligned_2,21.8,0.1982264593243599
aligned_2,22.0,0.19756863359361887
aligned_2,22.200000000000003,0.1999738421291113
aligned_2,22.400000000000002,0.2038056068122387
aligned_2,22.6,0.20864195190370083
aligned_2,22.8,0.22193661658093333
aligned_2,23.0,0.24115335382521152
aligned_2,23.200000000000003,0.25314563466235995
aligned_2,23.400000000000002,0.26125951902940864
aligned_2,23.6,0.26009241258725524
aligned_2,23.8,0.2547859884798527
aligned_2,24.0,0.2496995790861547
aligned_2,24.200000000000003,0.24396901205182076
aligned_2,24.400000000000002,0.23975014593452215
aligned_2,24.6,0.23621400399133563
aligned_2,24.8,0.2334373239427805
aligned_2,25.0,0.23618403961881995
aligned_2,25.200000000000003,0.23456417163833976
aligned_2,25.400000000000002,0.23116027656942606
aligned_2,25.6,0.22291454998776317
aligned_2,25.8,0.2068487759679556
aligned_2,26.0,0.19292755238711834
aligned_2,26.200000000000003,0.18676840793341398
aligned_2,26.400000000000002,0.18515376839786768
aligned_2,26.6,0.1836729198694229
aligned_2,26.8,0.18371210619807243
aligned_2,27.0,0.18397484626621008
aligned_2,27.200000000000003,0.18520311173051596
aligned_2,27.400000000000002,0.1857813000679016
aligned_2,27.6,0.18457086570560932
aligned_2,27.8,0.18353106081485743
aligned_2,28.0,0.1829298809170723
aligned_2,28.200000000000003,0.18568871915340424
aligned_2,28.400000000000002,0.19324729777872562
aligned_2,28.6,0.2036317391321063
aligned_2,28.8,0.21089351549744606
aligned_2,29.0,0.2157019767910242
aligned_2,29.200000000000003,0.22287163976579905
aligned_2,29.400000000000002,0.22588120959699154
aligned_2,29.6,0.22331877751275897
aligned_2,29.8,0.21942595206201077
aligned_2,30.0,0.21477374248206615
aligned_2,30.200000000000003,0.20794037636369467
aligned_2,30.400000000000002,0.21147998236119747
aligned_2,30.6,0.21549834683537483
aligned_2,30.8,0.2125013256445527
aligned_2,31.0,0.20959991682320833
aligned_2,31.200000000000003,0.2074274616315961
aligned_2,31.400000000000002,0.2040419029071927
aligned_2,31.6,0.1911556739360094
aligned_2,31.8,0.1825477909296751
aligned_2,32.0,0.17652155458927155
aligned_2,32.2,0.1752885915338993
aligned_2,32.4,0.1754703726619482
aligned_2,32.6,0.17565863579511642
aligned_2,32.800000000000004,0.17574493400752544
aligned_2,33.0,0.17612255923449993
aligned_2,33.2,0.17743916437029839
aligned_2,33.4,0.17820486798882484
aligned_2,33.6,0.177540460601449
aligned_2,33.800000000000004,0.17706433683633804
aligned_2,34.0,0.17814046144485474
aligned_2,34.2,0.18206435069441795
aligned_2,34.4,0.20473130140453577
aligned_2,34.6,0.22030436899513006
aligned_2,34.800000000000004,0.2343308925628662
aligned_2,35.0,0.24563508946448565
aligned_2,35.2,0.25341192726045847
aligned_2,35.4,0.2543539386242628
aligned_2,35.6,0.25087207602337
aligned_2,35.800000000000004,0.24662341177463531
aligned_2,36.0,0.24108696915209293
aligned_2,36.2,0.23626949544996023
aligned_2,36.4,0.23206479661166668
aligned_2,36.6,0.23182442784309387
aligned_2,36.800000000000004,0.2285446934401989
aligned_2,37.0,0.22272566799074406
aligned_2,37.2,0.2155728917568922
aligned_2,37.4,0.20864206459373236
aligned_2,37.6,0.20051525346934795
aligned_2,37.800000000000004,0.18859441857784986
aligned_2,38.0,0.1760874204337597
aligned_2,38.2,0.17611348908394575
aligned_2,38.400000000000006,0.17630250006914133
aligned_2,38.6,0.1763200256973505
aligned_2,38.800000000000004,0.17614787817001343
aligned_2,39.0,0.1767850276082754
aligned_2,39.2,0.17919530998915434
aligned_2,39.400000000000006,0.17994202487170696
aligned_2,39.6,0.1787661798298359
aligned_2,39.800000000000004,0.17837263643741608
aligned_2,40.0,0.18269944190979004
aligned_2,40.2,0.18715978600084782
aligned_2,40.400000000000006,0.20642828755080694
aligned_2,40.6,0.22025683987885714
aligned_2,40.800000000000004,0.2416453417390585
aligned_2,41.0,0.24988428875803947
aligned_2,41.2,0.25168807059526443
aligned_2,41.400000000000006,0.24938012938946486
aligned_2,41.6,0.2455381052568555
aligned_2,41.800000000000004,0.2401076527312398
aligned_2,42.0,0.23775219172239304
aligned_2,42.2,0.23149291379377246
aligned_2,42.400000000000006,0.23299732524901628
aligned_2,42.6,0.2304491177201271
aligned_2,42.800000000000004,0.22339599765837193
aligned_2,43.0,0.21722511015832424
aligned_2,43.2,0.21228965092450375
aligned_2,43.400000000000006,0.20628819148987526
aligned_2,43.6,0.1945395991206169
aligned_2,43.800000000000004,0.1814589872956276
aligned_2,44.0,0.1784640308469534
aligned_2,44.2,0.17856455966830254
aligned_2,44.400000000000006,0.17863470129668713
aligned_2,44.6,0.17871606815606356
aligned_2,44.800000000000004,0.17897857539355755
aligned_2,45.0,0.18020291347056627
aligned_2,45.2,0.18200179375708103
aligned_2,45.400000000000006,0.18107650056481361
aligned_2,45.6,0.1796395480632782
aligned_2,45.800000000000004,0.18192797154188156
aligned_2,46.0,0.1853625886142254
aligned_2,46.2,0.19206766411662102
aligned_2,46.400000000000006,0.20599311962723738
aligned_2,46.6,0.2260503601282835
aligned_2,46.800000000000004,0.24806852964684367
aligned_2,47.0,0.2610697653144598
aligned_2,47.2,0.26284811832010746
aligned_2,47.400000000000006,0.2592957988381386
aligned_2,47.6,0.25398537004366517
aligned_2,47.800000000000004,0.24977704230695963
aligned_2,48.0,0.24668396078050137
aligned_2,48.2,0.2514421730302274
aligned_2,48.400000000000006,0.2514125145971775
aligned_2,48.6,0.24762221332639456
aligned_2,48.800000000000004,0.24425344541668892
aligned_2,49.0,0.2414907068014145
aligned_2,49.2,0.23834009654819965
aligned_2,49.400000000000006,0.23179122200235724
aligned_2,49.6,0.21520526986569166
aligned_2,49.800000000000004,0.20543343760073185
aligned_2,50.0,0.20450571086257696
aligned_2,50.2,0.20432498818263412
aligned_2,50.400000000000006,0.20447093900293112
aligned_2,50.6,0.2044938337057829
aligned_2,50.800000000000004,0.20484754908829927
aligned_2,51.0,0.20619574887678027
aligned_2,51.2,0.20758240949362516
aligned_2,51.400000000000006,0.2066347012296319
aligned_2,51.6,0.2053885841742158
aligned_2,51.800000000000004,0.20714418217539787
aligned_2,52.0,0.2129666581749916
aligned_2,52.2,0.22032990120351315
aligned_2,52.400000000000006,0.2270788038149476
aligned_2,52.6,0.23095739306882018
aligned_2,52.800000000000004,0.23255714774131775
aligned_2,53.0,0.2345311869867146
aligned_2,53.2,0.23356511117890477
aligned_2,53.400000000000006,0.2313030632212758
aligned_2,53.6,0.22697959002107382
aligned_2,53.800000000000004,0.2166789243929088
aligned_2,54.0,0.21257052989676595
aligned_2,54.2,0.21868788171559572
aligned_2,54.400000000000006,0.22099770046770573
aligned_2,54.6,0.22599646262824535
aligned_2,54.800000000000004,0.2235892079770565
aligned_2,55.0,0.22307249903678894
aligned_2,55.2,0.2179946256801486
aligned_2,55.400000000000006,0.20277233514934778
aligned_2,55.6,0.19452830217778683
aligned_2,55.800000000000004,0.19050762150436634
aligned_2,56.0,0.19039019290357828
aligned_2,56.2,0.19050529599189758
aligned_2,56.400000000000006,0.19059739913791418
aligned_2,56.6,0.19068098533898592
aligned_2,56.800000000000004,0.19144374690949917
aligned_2,57.0,0.1930613499134779
aligned_2,57.2,0.19318841490894556
aligned_2,57.400000000000006,0.1924915872514248
aligned_2,57.6,0.19331051688641315
aligned_2,57.800000000000004,0.19585980009287596
aligned_2,58.0,0.20255340356379747
aligned_2,58.2,0.21603871323168278
aligned_2,58.400000000000006,0.24083429295569658
aligned_2,58.6,0.25483110919594765
aligned_2,58.800000000000004,0.2645794479176402
aligned_2,59.0,0.26771539682522416
aligned_2,59.2,0.26595294615253806
aligned_2,59.400000000000006,0.2613253821618855
aligned_2,59.6,0.25744007900357246
aligned_2,59.800000000000004,0.25313287507742643
aligned_2,60.0,0.24942326312884688
aligned_2,60.2,0.2585121113806963
aligned_2,60.400000000000006,0.2562288548797369
aligned_2,60.6,0.25087478291243315
aligned_2,60.800000000000004,0.24433176405727863
aligned_2,61.0,0.24133882950991392
aligned_2,61.2,0.23570054350420833
aligned_2,61.400000000000006,0.22679013386368752
aligned_2,61.6,0.21107525331899524
aligned_2,61.800000000000004,0.2074602860957384
aligned_2,62.0,0.2075672391802072
aligned_2,62.2,0.20756405405700207
aligned_2,62.400000000000006,0.2076101191341877
aligned_2,62.6,0.20773254334926605
aligned_2,62.800000000000004,0.2085971301421523
aligned_2,63.0,0.20986831886693835
aligned_2,63.2,0.21001095324754715
aligned_2,63.400000000000006,0.20859329123049974
aligned_2,63.6,0.20709913689643145
aligned_2,63.800000000000004,0.21015164628624916
aligned_2,64.0,0.21269585005939007
aligned_2,64.2,0.22344184573739767
aligned_2,64.4,0.24640148971229792
aligned_2,64.60000000000001,0.25467799324542284
aligned_2,64.8,0.25949057936668396
aligned_2,65.0,0.260512403678149
aligned_2,65.2,0.2571387607604265
aligned_2,65.4,0.2533782897517085
aligned_2,65.60000000000001,0.24909483548253775
aligned_2,65.8,0.24399499641731381
aligned_2,66.0,0.2483892417512834
aligned_2,66.2,0.24681908125057817
aligned_2,66.4,0.24270945321768522
aligned_2,66.60000000000001,0.23910532938316464
aligned_2,66.8,0.23629568750038743
aligned_2,67.0,0.23323433613404632
aligned_2,67.2,0.22661656141281128
aligned_2,67.4,0.21031454671174288
aligned_2,67.60000000000001,0.20007051806896925
aligned_2,67.8,0.19940502475947142
aligned_2,68.0,0.19949275813996792
aligned_2,68.2,0.19950146414339542
aligned_2,68.4,0.19952697306871414
aligned_2,68.60000000000001,0.20007688086479897
aligned_2,68.8,0.20141406264156103
aligned_2,69.0,0.20254843775182962
aligned_2,69.2,0.2014227481558919
aligned_2,69.4,0.20069225504994392
aligned_2,69.60000000000001,0.20318667963147163
aligned_2,69.8,0.20745824556797743
aligned_2,70.0,0.21465294063091278
aligned_2,70.2,0.2391547979786992
aligned_2,70.4,0.25597108295187354
aligned_2,70.60000000000001,0.27473851293325424
aligned_2,70.8,0.2857374772429466
aligned_2,71.0,0.2838963260874152
aligned_2,71.2,0.27789463102817535
aligned_2,71.4,0.2714404175058007
aligned_2,71.60000000000001,0.26887399051338434
aligned_2,71.8,0.26878771930933
aligned_2,72.0,0.2778694853186607
aligned_2,72.2,0.284385553561151
aligned_2,72.4,0.2845734618604183
aligned_2,72.60000000000001,0.28053640853613615
aligned_2,72.8,0.27600586973130703
aligned_2,73.0,0.2678625211119652
aligned_2,73.2,0.25014280900359154
aligned_2,73.4,0.23637192975729704
aligned_2,73.60000000000001,0.23002471216022968
aligned_2,73.8,0.22365430556237698
aligned_2,74.0,0.21519121900200844
aligned_2,74.2,0.21146361716091633
aligned_2,74.4,0.21145027596503496
aligned_2,74.60000000000001,0.2127184164710343
aligned_2,74.8,0.21418145578354597
aligned_2,75.0,0.21427061641588807
aligned_2,75.2,0.2120621744543314
aligned_2,75.4,0.2120134001597762
aligned_2,75.60000000000001,0.21452447026968002
aligned_2,75.8,0.2211486753076315
aligned_2,76.0,0.2335259704850614
aligned_2,76.2,0.2435779944062233
aligned_2,76.4,0.26256081741303205
aligned_2,76.60000000000001,0.2883608266711235
aligned_2,76.80000000000001,0.2934657977893948
aligned_2,77.0,0.28856297582387924
aligned_2,77.2,0.28225338738411665
aligned_2,77.4,0.2777655441313982
aligned_2,77.60000000000001,0.27748596109449863
aligned_2,77.80000000000001,0.28490904439240694
aligned_2,78.0,0.29236621782183647
aligned_2,78.2,0.29266783129423857
aligned_2,78.4,0.29490488581359386
aligned_2,78.60000000000001,0.29697587713599205
aligned_2,78.80000000000001,0.29470277205109596
aligned_2,79.0,0.28817643225193024
aligned_2,79.2,0.2815509787760675
aligned_2,79.4,0.2785176322795451
aligned_2,79.60000000000001,0.2784959450364113
aligned_2,79.80000000000001,0.28724603820592165
aligned_2,80.0,0.2954035494476557
aligned_3,0.0,-0.0
aligned_3,0.2,-0.0016930857673287392
aligned_3,0.4,-0.0038600508123635136
aligned_3,0.6000000000000001,-0.0029170075431466103
aligned_3,0.8,0.00016970187425613403
aligned_3,1.0,0.00520583800971508
aligned_3,1.2000000000000002,0.016893592663109303
aligned_3,1.4000000000000001,0.031911177560687065
aligned_3,1.6,0.04371310770511627
aligned_3,1.8,0.05298754200339317
aligned_3,2.0,0.058799730613827705
aligned_3,2.2,0.05730922520160675
aligned_3,2.4000000000000004,0.05318930558860302
aligned_3,2.6,0.04762786626815796
aligned_3,2.8000000000000003,0.029497605748474598
aligned_3,3.0,0.013960001990199089
aligned_3,3.2,0.01193769252859056
aligned_3,3.4000000000000004,0.014841338153928518
aligned_3,3.6,0.018595447530969977
aligned_3,3.8000000000000003,0.01994682988151908
aligned_3,4.0,0.019472441636025906
aligned_3,4.2,0.01404802710749209
aligned_3,4.4,0.006278756074607372
aligned_3,4.6000000000000005,-0.0007225985173135996
aligned_3,4.800000000000001,-0.0023598643019795418
aligned_3,5.0,0.0030565138440579176
aligned_3,5.2,0.005896030459553003
aligned_3,5.4,0.00887495488859713
aligned_3,5.6000000000000005,0.012596421409398317
aligned_3,5.800000000000001,0.017059630481526256
aligned_3,6.0,0.01759653352200996
aligned_3,6.2,0.017936191405169666
aligned_3,6.4,0.0166418612934649
aligned_3,6.6000000000000005,0.017854703590273857
aligned_3,6.800000000000001,0.02235952578485012
aligned_3,7.0,0.03726498503237963
aligned_3,7.2,0.05151847377419472
aligned_3,7.4,0.06337276101112366
aligned_3,7.6000000000000005,0.07823153212666512
aligned_3,7.800000000000001,0.09269458055496216
aligned_3,8.0,0.09575137868523598
aligned_3,8.200000000000001,0.0921065155416727
aligned_3,8.4,0.08617470413446426
aligned_3,8.6,0.07800262421369553
aligned_3,8.8,0.06457168236374855
aligned_3,9.0,0.05941250920295715
aligned_3,9.200000000000001,0.06128200050443411
aligned_3,9.4,0.06565898843109608
aligned_3,9.600000000000001,0.06798340193927288
aligned_3,9.8,0.07684172503650188
aligned_3,10.0,0.07666216045618057
aligned_3,10.200000000000001,0.0699424035847187
aligned_3,10.4,0.06077039893716574
aligned_3,10.600000000000001,0.05429758410900831
aligned_3,10.8,0.053948987275362015
aligned_3,11.0,0.05779830180108558
aligned_3,11.200000000000001,0.05827901605516672
aligned_3,11.4,0.05871852859854698
aligned_3,11.600000000000001,0.06358791561797261
aligned_3,11.8,0.06796222180128098
aligned_3,12.0,0.06851116009056568
aligned_3,12.200000000000001,0.06662730220705271
aligned_3,12.4,0.06563746090978384
aligned_3,12.600000000000001,0.06652150861918926
aligned_3,12.8,0.0724292229861021
aligned_3,13.0,0.0859469324350357
aligned_3,13.200000000000001,0.09870602190494537
aligned_3,13.4,0.11110544949769985
aligned_3,13.600000000000001,0.12145194038748741
aligned_3,13.8,0.12910379469394684
aligned_3,14.0,0.12924331426620483
aligned_3,14.200000000000001,0.12573730945587158
aligned_3,14.4,0.12073439359664917
aligned_3,14.600000000000001,0.1111384816467762
aligned_3,14.8,0.09941866621375084
aligned_3,15.0,0.09966384246945381
aligned_3,15.200000000000001,0.0980225894600153
aligned_3,15.4,0.10065516084432602
aligned_3,15.600000000000001,0.11024260148406029
aligned_3,15.8,0.11298245377838612
aligned_3,16.0,0.10904747433960438
aligned_3,16.2,0.10044259391725063
aligned_3,16.400000000000002,0.09224681556224823
aligned_3,16.6,0.08820085786283016
aligned_3,16.8,0.09065496735274792
aligned_3,17.0,0.09114901348948479
aligned_3,17.2,0.09123087115585804
aligned_3,17.400000000000002,0.09114675782620907
aligned_3,17.6,0.09189779683947563
aligned_3,17.8,0.09349268488585949
aligned_3,18.0,0.09240966103971004
aligned_3,18.2,0.08962846919894218
aligned_3,18.400000000000002,0.08836863376200199
aligned_3,18.6,0.09217692911624908
aligned_3,18.8,0.09974337741732597
aligned_3,19.0,0.1161363460123539
aligned_3,19.200000000000003,0.12770135700702667
aligned_3,19.400000000000002,0.13776769116520882
aligned_3,19.6,0.1513362117111683
aligned_3,19.8,0.15487484633922588
aligned_3,20.0,0.15262876451015472
aligned_3,20.200000000000003,0.1475154161453247
aligned_3,20.400000000000002,0.13116255402565002
aligned_3,20.6,0.11571117863059044
aligned_3,20.8,0.10982805490493774
aligned_3,21.0,0.11096319369971752
aligned_3,21.200000000000003,0.11403019912540913
aligned_3,21.400000000000002,0.11713368073105812
aligned_3,21.6,0.12186115607619286
aligned_3,21.8,0.12216592952609062
aligned_3,22.0,0.1174381822347641
aligned_3,22.200000000000003,0.10982194915413857
aligned_3,22.400000000000002,0.09708571061491966
aligned_3,22.6,0.09162747301161289
aligned_3,22.8,0.09439246542751789
aligned_3,23.0,0.09799986891448498
aligned_3,23.200000000000003,0.10069583728909492
aligned_3,23.400000000000002,0.10753958858549595
aligned_3,23.6,0.1087116152048111
aligned_3,23.8,0.11041805893182755
aligned_3,24.0,0.10948566347360611
aligned_3,24.200000000000003,0.10697310417890549
aligned_3,24.400000000000002,0.10784262046217918
aligned_3,24.6,0.11140929535031319
aligned_3,24.8,0.11974243074655533
aligned_3,25.0,0.1352546028792858
aligned_3,25.200000000000003,0.14932521060109138
aligned_3,25.400000000000002,0.1618759222328663
aligned_3,25.6,0.17199881374835968
aligned_3,25.8,0.1747736893594266
aligned_3,26.0,0.17135949060320854
aligned_3,26.200000000000003,0.1653091311454774
aligned_3,26.400000000000002,0.1535314954817295
aligned_3,26.6,0.13739968463778496
aligned_3,26.8,0.12504269368946552
aligned_3,27.0,0.12784384563565254
aligned_3,27.200000000000003,0.13081297278404236
aligned_3,27.400000000000002,0.13307483308017254
aligned_3,27.6,0.13590837270021439
aligned_3,27.8,0.13427310809493065
aligned_3,28.0,0.1280464045703411
aligned_3,28.200000000000003,0.11999062076210976
aligned_3,28.400000000000002,0.11426103115081787
aligned_3,28.6,0.10904273949563503
aligned_3,28.8,0.10685842111706734
aligned_3,29.0,0.11250103637576103
aligned_3,29.200000000000003,0.11577204614877701
aligned_3,29.400000000000002,0.11831996589899063
aligned_3,29.6,0.12086480110883713
aligned_3,29.8,0.12265524826943874
aligned_3,30.0,0.12126937508583069
aligned_3,30.200000000000003,0.12007014267146587
aligned_3,30.400000000000002,0.12157267332077026
aligned_3,30.6,0.128415796905756
aligned_3,30.8,0.14317790791392337
aligned_3,31.0,0.15901585668325424
aligned_3,31.200000000000003,0.1728440709412098
aligned_3,31.400000000000002,0.1879824623465538
aligned_3,31.6,0.19482605531811714
aligned_3,31.8,0.19367433711886406
aligned_3,32.0,0.18913263455033302
aligned_3,32.2,0.17890283837914467
aligned_3,32.4,0.16205306723713875
aligned_3,32.6,0.15043283998966217
aligned_3,32.800000000000004,0.14675529301166534
aligned_3,33.0,0.14898685738444328
aligned_3,33.2,0.15161955170333385
aligned_3,33.4,0.15267392061650753
aligned_3,33.6,0.15217239409685135
aligned_3,33.800000000000004,0.14793469570577145
aligned_3,34.0,0.1396949701011181
aligned_3,34.2,0.12994039431214333
aligned_3,34.4,0.12142710387706757
aligned_3,34.6,0.11598831415176392
aligned_3,34.800000000000004,0.11424069479107857
aligned_3,35.0,0.11417819932103157
aligned_3,35.2,0.11452281661331654
aligned_3,35.4,0.11537734977900982
aligned_3,35.6,0.11739920824766159
aligned_3,35.800000000000004,0.117039255797863
aligned_3,36.0,0.11511597409844398
aligned_3,36.2,0.11568103730678558
aligned_3,36.4,0.11846018955111504
aligned_3,36.6,0.12706932425498962
aligned_3,36.800000000000004,0.1418684683740139
aligned_3,37.0,0.1548253893852234
aligned_3,37.2,0.16931844875216484
aligned_3,37.4,0.18149544671177864
aligned_3,37.6,0.18439238518476486
aligned_3,37.800000000000004,0.18172495439648628
aligned_3,38.0,0.17646905407309532
aligned_3,38.2,0.1679014451801777
aligned_3,38.400000000000006,0.15338412672281265
aligned_3,38.6,0.14636052399873734
aligned_3,38.800000000000004,0.1469624601304531
aligned_3,39.0,0.14994541928172112
aligned_3,39.2,0.15447357296943665
aligned_3,39.400000000000006,0.16591858118772507
aligned_3,39.6,0.1659027598798275
aligned_3,39.800000000000004,0.15981529280543327
aligned_3,40.0,0.15049420669674873
aligned_3,40.2,0.14340882003307343
aligned_3,40.400000000000006,0.14174827933311462
aligned_3,40.6,0.14185305684804916
aligned_3,40.800000000000004,0.14218686521053314
aligned_3,41.0,0.14220891520380974
aligned_3,41.2,0.14242042228579532
aligned_3,41.400000000000006,0.14371205121278763
aligned_3,41.6,0.14414069056510925
aligned_3,41.800000000000004,0.14217524975538254
aligned_3,42.0,0.14153140038251877
aligned_3,42.2,0.14127607643604279
aligned_3,42.400000000000006,0.145919781178236
aligned_3,42.6,0.15633154287934303
aligned_3,42.800000000000004,0.17050320282578468
aligned_3,43.0,0.18552116677165031
aligned_3,43.2,0.19806043431162834
aligned_3,43.400000000000006,0.20750227198004723
aligned_3,43.6,0.20678335055708885
aligned_3,43.800000000000004,0.20256444066762924
aligned_3,44.0,0.19600112736225128
aligned_3,44.2,0.17810434848070145
aligned_3,44.400000000000006,0.16981030255556107
aligned_3,44.6,0.17203985899686813
aligned_3,44.800000000000004,0.17646872624754906
aligned_3,45.0,0.18242377415299416
aligned_3,45.2,0.1891721747815609
aligned_3,45.400000000000006,0.19168148189783102
aligned_3,45.6,0.1880220584571362
aligned_3,45.800000000000004,0.17989249154925346
aligned_3,46.0,0.17171556502580643
aligned_3,46.2,0.16317042708396912
aligned_3,46.400000000000006,0.16314537450671196
aligned_3,46.6,0.17221416905522346
aligned_3,46.800000000000004,0.17607203498482704
aligned_3,47.0,0.17877444252371794
aligned_3,47.2,0.18031731992959982
aligned_3,47.400000000000006,0.1817663535475731
aligned_3,47.6,0.181974895298481
aligned_3,47.800000000000004,0.18001694604754448
aligned_3,48.0,0.17963609099388123
aligned_3,48.2,0.18225080519914627
aligned_3,48.400000000000006,0.18913166597485542
aligned_3,48.6,0.2051115743815899
aligned_3,48.800000000000004,0.219340942800045
aligned_3,49.0,0.23196484521031385
aligned_3,49.2,0.24338227137923246
aligned_3,49.400000000000006,0.2465170025825501
aligned_3,49.6,0.2440180443227291
aligned_3,49.800000000000004,0.24012268334627157
aligned_3,50.0,0.22593257203698158
aligned_3,50.2,0.21086240559816366
aligned_3,50.400000000000006,0.20433847978711128
aligned_3,50.6,0.20649437606334686
aligned_3,50.800000000000004,0.20920270308852196
aligned_3,51.0,0.21156616136431694
aligned_3,51.2,0.21669308841228485
aligned_3,51.400000000000006,0.21714487671852112
aligned_3,51.6,0.21185610815882683
aligned_3,51.800000000000004,0.20372549444437027
aligned_3,52.0,0.19347213581204414
aligned_3,52.2,0.18814033269882202
aligned_3,52.400000000000006,0.18987448513507843
aligned_3,52.6,0.19028609991073608
aligned_3,52.800000000000004,0.1902380213141442
aligned_3,53.0,0.19036802649497991
aligned_3,53.2,0.19139808416366583
aligned_3,53.400000000000006,0.1924462839961052
aligned_3,53.6,0.1904623731970787
aligned_3,53.800000000000004,0.19004966318607336
aligned_3,54.0,0.18970871716737747
aligned_3,54.2,0.19374867528676987
aligned_3,54.400000000000006,0.2055939994752407
aligned_3,54.6,0.21808059513568878
aligned_3,54.800000000000004,0.23084012791514402
aligned_3,55.0,0.24427274987101555
aligned_3,55.2,0.25279686972498894
aligned_3,55.400000000000006,0.25304449163377285
aligned_3,55.6,0.24992205202579498
aligned_3,55.800000000000004,0.24480234459042555
aligned_3,56.0,0.22696958854794508
aligned_3,56.2,0.21346883103251457
aligned_3,56.400000000000006,0.2137778289616108
aligned_3,56.6,0.21794137731194496
aligned_3,56.800000000000004,0.22068053111433983
aligned_3,57.0,0.2228989563882351
aligned_3,57.2,0.23210323601961136
aligned_3,57.400000000000006,0.2297764122486115
aligned_3,57.6,0.22245508059859276
aligned_3,57.800000000000004,0.21348068863153458
aligned_3,58.0,0.208310466259718
aligned_3,58.2,0.2075541466474533
aligned_3,58.400000000000006,0.20665809884667397
aligned_3,58.6,0.2098556868731976
aligned_3,58.800000000000004,0.21115559339523315
aligned_3,59.0,0.21366308629512787
aligned_3,59.2,0.21637079864740372
aligned_3,59.400000000000006,0.2156536653637886
aligned_3,59.6,0.2160167507827282
aligned_3,59.800000000000004,0.2175087407231331
aligned_3,60.0,0.22044852003455162
aligned_3,60.2,0.22783353179693222
aligned_3,60.400000000000006,0.24164145067334175
aligned_3,60.6,0.2510605901479721
aligned_3,60.800000000000004,0.26268132030963903
aligned_3,61.0,0.27127476595342165
aligned_3,61.2,0.2762490920722485
aligned_3,61.400000000000006,0.2747007235884667
aligned_3,61.6,0.27156710997223854
aligned_3,61.800000000000004,0.26096044667065144
aligned_3,62.0,0.24633804336190224
aligned_3,62.2,0.24023823067545896
aligned_3,62.400000000000006,0.2401785776019097
aligned_3,62.6,0.24023650214076042
aligned_3,62.800000000000004,0.2403411567211151
aligned_3,63.0,0.2405005656182766
aligned_3,63.2,0.23961228504776955
aligned_3,63.400000000000006,0.2346108891069889
aligned_3,63.6,0.21986571326851845
aligned_3,63.800000000000004,0.20833358913660055
aligned_3,64.0,0.19572339206933975
aligned_3,64.2,0.19290358945727348
aligned_3,64.4,0.19462690874934196
aligned_3,64.60000000000001,0.1914578676223755
aligned_3,64.8,0.19434601813554764
aligned_3,65.0,0.19714951887726784
aligned_3,65.2,0.19880413264036179
aligned_3,65.4,0.19764522835612303
aligned_3,65.60000000000001,0.19770469516515737
aligned_3,65.8,0.1991710029542446
aligned_3,66.0,0.2049131952226162
aligned_3,66.2,0.22194292396306997
aligned_3,66.4,0.23598859459161764
aligned_3,66.60000000000001,0.24797324836254125
aligned_3,66.8,0.25926649384200573
aligned_3,67.0,0.2664092741906643
aligned_3,67.2,0.267669927328825
aligned_3,67.4,0.264999495819211
aligned_3,67.60000000000001,0.26053246296942234
aligned_3,67.8,0.23942547291517263
aligned_3,68.0,0.23032784089446068
aligned_3,68.2,0.2261728122830391
aligned_3,68.4,0.22058925405144691
aligned_3,68.60000000000001,0.22316114977002144
aligned_3,68.8,0.22619637846946716
aligned_3,69.0,0.2265341319143772
aligned_3,69.2,0.2243826799094677
aligned_3,69.4,0.2167185656726361
aligned_3,69.60000000000001,0.2093874216079712
aligned_3,69.8,0.19945545122027403
aligned_3,70.0,0.19798693805933
aligned_3,70.2,0.19792354479432106
aligned_3,70.4,0.19790389388799673
aligned_3,70.60000000000001,0.1994665153324604
aligned_3,70.8,0.19974205642938614
aligned_3,71.0,0.2016901634633541
aligned_3,71.2,0.20177552476525307
aligned_3,71.4,0.19934920594096184
aligned_3,71.60000000000001,0.19922900944948196
aligned_3,71.8,0.20158684626221657
aligned_3,72.0,0.2079327404499054
aligned_3,72.2,0.22035549208521843
aligned_3,72.4,0.2340540923178196
aligned_3,72.60000000000001,0.2470487430691719
aligned_3,72.8,0.2601435948163271
aligned_3,73.0,0.2648267652839422
aligned_3,73.2,0.26281670480966574
aligned_3,73.4,0.2586674392223358
aligned_3,73.60000000000001,0.2516244240105152
aligned_3,73.8,0.23038644343614578
aligned_3,74.0,0.2243521362543106
aligned_3,74.2,0.2248915210366249
aligned_3,74.4,0.22832917422056198
aligned_3,74.60000000000001,0.231791652739048
aligned_3,74.8,0.23440559580922127
aligned_3,75.0,0.23676947131752968
aligned_3,75.2,0.23118358105421066
aligned_3,75.4,0.2228106707334519
aligned_3,75.60000000000001,0.21543719246983528
aligned_3,75.8,0.20991171151399612
aligned_3,76.0,0.21202264353632927
aligned_3,76.2,0.21647631749510765
aligned_3,76.4,0.21982451155781751
aligned_3,76.60000000000001,0.2246176265180111
aligned_3,76.80000000000001,0.22851262986660004
aligned_3,77.0,0.23065677285194403
aligned_3,77.2,0.2288196198642254
aligned_3,77.4,0.22744236141443253
aligned_3,77.60000000000001,0.2280812151730061
aligned_3,77.80000000000001,0.23320185020565987
aligned_3,78.0,0.24076014012098312
aligned_3,78.2,0.2537216357886791
aligned_3,78.4,0.2666804529726506
aligned_3,78.60000000000001,0.27966260723769665
aligned_3,78.80000000000001,0.2896597310900688
aligned_3,79.0,0.28982991352677345
aligned_3,79.2,0.2871803566813469
aligned_3,79.4,0.2835373058915138
aligned_3,79.60000000000001,0.2659804988652468
aligned_3,79.80000000000001,0.2500078901648522
aligned_3,80.0,0.2472096011042595
aligned_4,0.0,-0.0
aligned_4,0.2,-0.0015735998749732416
aligned_4,0.4,-0.002830721437931061
aligned_4,0.6000000000000001,-0.0058569833636283875
aligned_4,0.8,-0.0042692795395851135
aligned_4,1.0,0.0009292587637901306
aligned_4,1.2000000000000002,0.009992837905883789
aligned_4,1.4000000000000001,0.015501737594604492
aligned_4,1.6,0.019635964184999466
aligned_4,1.8,0.025178454816341456
aligned_4,2.0,0.0330100953578949
aligned_4,2.2,0.03300907462835312
aligned_4,2.4000000000000004,0.03222843259572988
aligned_4,2.6,0.03138183802366257
aligned_4,2.8000000000000003,0.02373073622584343
aligned_4,3.0,0.019338209182024002
aligned_4,3.2,0.021223846822977066
aligned_4,3.4000000000000004,0.025401797145605087
aligned_4,3.6,0.029953807592392023
aligned_4,3.8000000000000003,0.035158757120370865
aligned_4,4.0,0.032555121928453445
aligned_4,4.2,0.024525810033082962
aligned_4,4.4,0.016656450927257593
aligned_4,4.6000000000000005,0.00839611142873764
aligned_4,4.800000000000001,0.0054680705070495605
aligned_4,5.0,0.005515515804290827
aligned_4,5.2,0.0053093694150447845
aligned_4,5.4,0.005146283656358719
aligned_4,5.6000000000000005,0.005120430141687393
aligned_4,5.800000000000001,0.005825679749250412
aligned_4,6.0,0.007025532424449976
aligned_4,6.2,0.00683129951357847
aligned_4,6.4,0.006936069577932358
aligned_4,6.6000000000000005,0.0071853734552860815
aligned_4,6.800000000000001,0.010925829410552979
aligned_4,7.0,0.017034389078617096
aligned_4,7.2,0.027438893914222717
aligned_4,7.4,0.0414845310151577
aligned_4,7.6000000000000005,0.0547682829201222
aligned_4,7.800000000000001,0.06797977909445768
aligned_4,8.0,0.06885567307472229
aligned_4,8.200000000000001,0.06636225432157516
aligned_4,8.4,0.06246037781238556
aligned_4,8.6,0.059811560437083244
aligned_4,8.8,0.04963348247110844
aligned_4,9.0,0.04390818625688553
aligned_4,9.200000000000001,0.04064725711941719
aligned_4,9.4,0.03663549944758415
aligned_4,9.600000000000001,0.03779950737953186
aligned_4,9.8,0.03800628334283829
aligned_4,10.0,0.03435308858752251
aligned_4,10.200000000000001,0.02825995162129402
aligned_4,10.4,0.02126079425215721
aligned_4,10.600000000000001,0.018056757748126984
aligned_4,10.8,0.018910732120275497
aligned_4,11.0,0.02354814857244497
aligned_4,11.200000000000001,0.02714097872376442
aligned_4,11.4,0.030111391097307205
aligned_4,11.600000000000001,0.03199072182178497
aligned_4,11.8,0.03445582836866379
aligned_4,12.0,0.034722998738288935
aligned_4,12.200000000000001,0.033885352313518524
aligned_4,12.4,0.03473033010959625
aligned_4,12.600000000000001,0.03623981401324272
aligned_4,12.8,0.043264202773571014
aligned_4,13.0,0.05559740960597992
aligned_4,13.200000000000001,0.07142383232712751
aligned_4,13.4,0.084738589823246
aligned_4,13.600000000000001,0.09741480834782124
aligned_4,13.8,0.10236239805817604
aligned_4,14.0,0.1017206497490406
aligned_4,14.200000000000001,0.0993063896894455
aligned_4,14.4,0.09657305851578712
aligned_4,14.600000000000001,0.09515461698174477
aligned_4,14.8,0.09426945820450783
aligned_4,15.0,0.09522241353988647
aligned_4,15.200000000000001,0.09606892243027687
aligned_4,15.4,0.09860479645431042
aligned_4,15.600000000000001,0.1014026366174221
aligned_4,15.8,0.10105977579951286
aligned_4,16.0,0.09485713951289654
aligned_4,16.2,0.0873724389821291
aligned_4,16.400000000000002,0.07896789163351059
aligned_4,16.6,0.07546761259436607
aligned_4,16.8,0.0783010981976986
aligned_4,17.0,0.08560932241380215
aligned_4,17.2,0.0899103470146656
aligned_4,17.400000000000002,0.09234027564525604
aligned_4,17.6,0.09450683929026132
aligned_4,17.8,0.0953510794788599
aligned_4,18.0,0.09396755322813988
aligned_4,18.2,0.0942506305873394
aligned_4,18.400000000000002,0.09467034041881561
aligned_4,18.6,0.10010218992829323
aligned_4,18.8,0.10855911578983068
aligned_4,19.0,0.1196537408977747
aligned_4,19.200000000000003,0.1302849082276225
aligned_4,19.400000000000002,0.14153411146253347
aligned_4,19.6,0.1553635634481907
aligned_4,19.8,0.15570547711104155
aligned_4,20.0,0.15210730535909534
aligned_4,20.200000000000003,0.14922026311978698
aligned_4,20.400000000000002,0.14234196487814188
aligned_4,20.6,0.13233769312500954
aligned_4,20.8,0.1331075243651867
aligned_4,21.0,0.13617399614304304
aligned_4,21.200000000000003,0.14005273673683405
aligned_4,21.400000000000002,0.15015456452965736
aligned_4,21.6,0.1532119382172823
aligned_4,21.8,0.150533608160913
aligned_4,22.0,0.14204533491283655
aligned_4,22.200000000000003,0.13466503936797375
aligned_4,22.400000000000002,0.13063377141952515
aligned_4,22.6,0.13146352022886276
aligned_4,22.8,0.13901757448911667
aligned_4,23.0,0.142223684117198
aligned_4,23.200000000000003,0.14617023710161448
aligned_4,23.400000000000002,0.1486503668129444
aligned_4,23.6,0.15511611849069595
aligned_4,23.8,0.1552931573241949
aligned_4,24.0,0.15309315361082554
aligned_4,24.200000000000003,0.1518866498954594
aligned_4,24.400000000000002,0.15334440441802144
aligned_4,24.6,0.16139876935631037
aligned_4,24.8,0.1716177216731012
aligned_4,25.0,0.1828749505802989
aligned_4,25.200000000000003,0.1982831503264606
aligned_4,25.400000000000002,0.20689206290990114
aligned_4,25.6,0.21349848248064524
aligned_4,25.8,0.2127408804371953
aligned_4,26.0,0.20914543233811855
aligned_4,26.200000000000003,0.20551451575011015
aligned_4,26.400000000000002,0.20362159982323647
aligned_4,26.6,0.20367756392806768
aligned_4,26.8,0.20647438010200858
aligned_4,27.0,0.21409150399267673
aligned_4,27.200000000000003,0.21936159301549196
aligned_4,27.400000000000002,0.22482380084693432
aligned_4,27.6,0.21857314370572573
aligned_4,27.8,0.2072867164388299
aligned_4,28.0,0.1986542083323002
aligned_4,28.200000000000003,0.18973418790847063
aligned_4,28.400000000000002,0.18678604485467076
aligned_4,28.6,0.18937556259334087
aligned_4,28.8,0.1961759738624096
aligned_4,29.0,0.2025671536102891
aligned_4,29.200000000000003,0.20619333116337657
aligned_4,29.400000000000002,0.2093795775435865
aligned_4,29.6,0.2112614423967898
aligned_4,29.8,0.21089274808764458
aligned_4,30.0,0.20918728318065405
aligned_4,30.200000000000003,0.20925967581570154
aligned_4,30.400000000000002,0.21358677372336388
aligned_4,30.6,0.2243891227990389
aligned_4,30.8,0.2383266855031252
aligned_4,31.0,0.24910176917910581
aligned_4,31.200000000000003,0.26369933784008026
aligned_4,31.400000000000002,0.2725182920694351
aligned_4,31.6,0.2745229974389076
aligned_4,31.8,0.2718896772712469
aligned_4,32.0,0.26775682158768177
aligned_4,32.2,0.2606491781771183
aligned_4,32.4,0.2587852105498314
aligned_4,32.6,0.2571682557463646
aligned_4,32.800000000000004,0.2558099515736103
aligned_4,33.0,0.2624312173575163
aligned_4,33.2,0.263265548273921
aligned_4,33.4,0.26605898328125477
aligned_4,33.6,0.26445035450160503
aligned_4,33.800000000000004,0.25868821144104004
aligned_4,34.0,0.2514604553580284
aligned_4,34.2,0.24163987208157778
aligned_4,34.4,0.24003437999635935
aligned_4,34.6,0.24298075027763844
aligned_4,34.800000000000004,0.24596254620701075
aligned_4,35.0,0.254440950229764
aligned_4,35.2,0.2567981593310833
aligned_4,35.4,0.2581117330119014
aligned_4,35.6,0.25934797525405884
aligned_4,35.800000000000004,0.25717880204319954
aligned_4,36.0,0.25606459379196167
aligned_4,36.2,0.25709949620068073
aligned_4,36.4,0.26120347157120705
aligned_4,36.6,0.26900316774845123
aligned_4,36.800000000000004,0.28147275000810623
aligned_4,37.0,0.2947077229619026
aligned_4,37.2,0.30739500746130943
aligned_4,37.4,0.31772351264953613
aligned_4,37.6,0.31870322301983833
aligned_4,37.800000000000004,0.3148968331515789
aligned_4,38.0,0.3110930733382702
aligned_4,38.2,0.30548426508903503
aligned_4,38.400000000000006,0.2968689575791359
aligned_4,38.6,0.2895652763545513
aligned_4,38.800000000000004,0.28249715082347393
aligned_4,39.0,0.2857607342302799
aligned_4,39.2,0.2876978814601898
aligned_4,39.400000000000006,0.28715307638049126
aligned_4,39.6,0.2831570859998465
aligned_4,39.800000000000004,0.2763794586062432
aligned_4,40.0,0.26995026506483555
aligned_4,40.2,0.26611111871898174
aligned_4,40.400000000000006,0.26769672706723213
aligned_4,40.6,0.2705273497849703
aligned_4,40.800000000000004,0.270526722073555
aligned_4,41.0,0.271531380712986
aligned_4,41.2,0.27550465799868107
aligned_4,41.400000000000006,0.2775975875556469
aligned_4,41.6,0.2769922502338886
aligned_4,41.800000000000004,0.2755141668021679
aligned_4,42.0,0.27563739754259586
aligned_4,42.2,0.2779030501842499
aligned_4,42.400000000000006,0.28427376598119736
aligned_4,42.6,0.29631809517741203
aligned_4,42.800000000000004,0.30847591534256935
aligned_4,43.0,0.3206181712448597
aligned_4,43.2,0.3355198055505753
aligned_4,43.400000000000006,0.33974938094615936
aligned_4,43.6,0.3373277522623539
aligned_4,43.800000000000004,0.332850344479084
aligned_4,44.0,0.3294994905591011
aligned_4,44.2,0.3204793222248554
aligned_4,44.400000000000006,0.3110308051109314
aligned_4,44.6,0.30682967603206635
aligned_4,44.800000000000004,0.3086007200181484
aligned_4,45.0,0.3114750199019909
aligned_4,45.2,0.3174351342022419
aligned_4,45.400000000000006,0.3160782903432846
aligned_4,45.6,0.30981277115643024
aligned_4,45.800000000000004,0.3017383497208357
aligned_4,46.0,0.2954738549888134
aligned_4,46.2,0.2943855747580528
aligned_4,46.400000000000006,0.29395845904946327
aligned_4,46.6,0.29377365857362747
aligned_4,46.800000000000004,0.29362695291638374
aligned_4,47.0,0.2936942018568516
aligned_4,47.2,0.2945588454604149
aligned_4,47.400000000000006,0.29482593946158886
aligned_4,47.6,0.2936715967953205
aligned_4,47.800000000000004,0.29327983409166336
aligned_4,48.0,0.293811172246933
aligned_4,48.2,0.2986294850707054
aligned_4,48.400000000000006,0.30752116441726685
aligned_4,48.6,0.32103245705366135
aligned_4,48.800000000000004,0.33480746299028397
aligned_4,49.0,0.34909699112176895
aligned_4,49.2,0.35973553732037544
aligned_4,49.400000000000006,0.360466156154871
aligned_4,49.6,0.35692939907312393
aligned_4,49.800000000000004,0.35205405578017235
aligned_4,50.0,0.34457067772746086
aligned_4,50.2,0.33707790076732635
aligned_4,50.400000000000006,0.3294892869889736
aligned_4,50.6,0.32754334062337875
aligned_4,50.800000000000004,0.3290862627327442
aligned_4,51.0,0.3366691768169403
aligned_4,51.2,0.343996100127697
aligned_4,51.400000000000006,0.3401546850800514
aligned_4,51.6,0.3323451578617096
aligned_4,51.800000000000004,0.32533659040927887
aligned_4,52.0,0.3203449323773384
aligned_4,52.2,0.32231897860765457
aligned_4,52.400000000000006,0.32501286268234253
aligned_4,52.6,0.3250020891427994
aligned_4,52.800000000000004,0.32492878288030624
aligned_4,53.0,0.3254942074418068
aligned_4,53.2,0.3268592283129692
aligned_4,53.400000000000006,0.3259221278131008
aligned_4,53.6,0.32398171722888947
aligned_4,53.800000000000004,0.32306500896811485
aligned_4,54.0,0.32505159825086594
aligned_4,54.2,0.330179113894701
aligned_4,54.400000000000006,0.34086327627301216
aligned_4,54.6,0.35722389072179794
aligned_4,54.800000000000004,0.372650608420372
aligned_4,55.0,0.3841209001839161
aligned_4,55.2,0.38811997324228287
aligned_4,55.400000000000006,0.3854658603668213
aligned_4,55.6,0.3824176788330078
aligned_4,55.800000000000004,0.3758854269981384
aligned_4,56.0,0.36584336683154106
aligned_4,56.2,0.3568677604198456
aligned_4,56.400000000000006,0.34989379346370697
aligned_4,56.6,0.35189444199204445
aligned_4,56.800000000000004,0.3579331785440445
aligned_4,57.0,0.36792393028736115
aligned_4,57.2,0.3679457828402519
aligned_4,57.400000000000006,0.3608616404235363
aligned_4,57.6,0.35300642624497414
aligned_4,57.800000000000004,0.3468100503087044
aligned_4,58.0,0.34526317194104195
aligned_4,58.2,0.34854892641305923
aligned_4,58.400000000000006,0.3485897146165371
aligned_4,58.6,0.34864363819360733
aligned_4,58.800000000000004,0.3487258180975914
aligned_4,59.0,0.3500782363116741
aligned_4,59.2,0.351734921336174
aligned_4,59.400000000000006,0.34963107109069824
aligned_4,59.6,0.34859293699264526
aligned_4,59.800000000000004,0.34856271743774414
aligned_4,60.0,0.35232891514897346
aligned_4,60.2,0.3604540191590786
aligned_4,60.400000000000006,0.3749745339155197
aligned_4,60.6,0.39252304658293724
aligned_4,60.800000000000004,0.404232494533062
aligned_4,61.0,0.41078371554613113
aligned_4,61.2,0.4102773219347
aligned_4,61.400000000000006,0.4066300615668297
aligned_4,61.6,0.40235378220677376
aligned_4,61.800000000000004,0.3912922441959381
aligned_4,62.0,0.38570521399378777
aligned_4,62.2,0.38445841521024704
aligned_4,62.400000000000006,0.3878825046122074
aligned_4,62.6,0.3974802792072296
aligned_4,62.800000000000004,0.40265413373708725
aligned_4,63.0,0.4040275253355503
aligned_4,63.2,0.40059424936771393
aligned_4,63.400000000000006,0.3925160840153694
aligned_4,63.6,0.3851878419518471
aligned_4,63.800000000000004,0.3818691000342369
aligned_4,64.0,0.3849145509302616
aligned_4,64.2,0.39222241938114166
aligned_4,64.4,0.3969041369855404
aligned_4,64.60000000000001,0.3990050442516804
aligned_4,64.8,0.40183471515774727
aligned_4,65.0,0.40545910596847534
aligned_4,65.2,0.40457646176218987
aligned_4,65.4,0.402074433863163
aligned_4,65.60000000000001,0.4023328274488449
aligned_4,65.8,0.4052286595106125
aligned_4,66.0,0.4128452278673649
aligned_4,66.2,0.4247302711009979
aligned_4,66.4,0.4381314069032669
aligned_4,66.60000000000001,0.4520176202058792
aligned_4,66.8,0.46448808535933495
aligned_4,67.0,0.46862056478857994
aligned_4,67.2,0.4659246802330017
aligned_4,67.4,0.46245821192860603
aligned_4,67.60000000000001,0.4521663561463356
aligned_4,67.8,0.4371051713824272
aligned_4,68.0,0.4309539943933487
aligned_4,68.2,0.43440021574497223
aligned_4,68.4,0.437889888882637
aligned_4,68.60000000000001,0.4455125704407692
aligned_4,68.8,0.4530068077147007
aligned_4,69.0,0.45208869129419327
aligned_4,69.2,0.4463767744600773
aligned_4,69.4,0.4375101327896118
aligned_4,69.60000000000001,0.43048935383558273
aligned_4,69.8,0.42911749333143234
aligned_4,70.0,0.4313570521771908
aligned_4,70.2,0.43466777354478836
aligned_4,70.4,0.4376603327691555
aligned_4,70.60000000000001,0.4388103820383549
aligned_4,70.8,0.4446958936750889
aligned_4,71.0,0.44510049745440483
aligned_4,71.2,0.4432324059307575
aligned_4,71.4,0.4420209228992462
aligned_4,71.60000000000001,0.44279666244983673
aligned_4,71.8,0.44662099331617355
aligned_4,72.0,0.45777586847543716
aligned_4,72.2,0.46967142075300217
aligned_4,72.4,0.482058085501194
aligned_4,72.60000000000001,0.49590887874364853
aligned_4,72.8,0.5055008046329021
aligned_4,73.0,0.5064645521342754
aligned_4,73.2,0.5025927238166332
aligned_4,73.4,0.4980861097574234
aligned_4,73.60000000000001,0.4915863759815693
aligned_4,73.8,0.484946645796299
aligned_4,74.0,0.47796062007546425
aligned_4,74.2,0.4734991528093815
aligned_4,74.4,0.4790206849575043
aligned_4,74.60000000000001,0.4826086051762104
aligned_4,74.8,0.483550313860178
aligned_4,75.0,0.47991224005818367
aligned_4,75.2,0.4723326936364174
aligned_4,75.4,0.4644371196627617
aligned_4,75.60000000000001,0.46029748022556305
aligned_4,75.8,0.4636700600385666
aligned_4,76.0,0.46787483990192413
aligned_4,76.2,0.4712093770503998
aligned_4,76.4,0.47545071318745613
aligned_4,76.60000000000001,0.47934741899371147
aligned_4,76.80000000000001,0.48215122520923615
aligned_4,77.0,0.48221032321453094
aligned_4,77.2,0.48006289452314377
aligned_4,77.4,0.47810278832912445
aligned_4,77.60000000000001,0.480444747954607
aligned_4,77.80000000000001,0.49216413497924805
aligned_4,78.0,0.5031600818037987
aligned_4,78.2,0.5158353745937347
aligned_4,78.4,0.5306516252458096
aligned_4,78.60000000000001,0.5453518629074097
aligned_4,78.80000000000001,0.5509027950465679
aligned_4,79.0,0.5484651625156403
aligned_4,79.2,0.5428542122244835
aligned_4,79.4,0.536169245839119
aligned_4,79.60000000000001,0.5340692661702633
aligned_4,79.80000000000001,0.5264468863606453
aligned_4,80.0,0.522515058517456
aligned_5,0.0,0.0
aligned_5,0.2,0.0006160791963338852
aligned_5,0.4,0.0041453223675489426
aligned_5,0.6000000000000001,0.008479716256260872
aligned_5,0.8,0.012142753228545189
aligned_5,1.0,0.017512669786810875
aligned_5,1.2000000000000002,0.024766417220234982
aligned_5,1.4000000000000001,0.0409341249614954
aligned_5,1.6,0.05428043566644192
aligned_5,1.8,0.07088718004524708
aligned_5,2.0,0.08403222821652889
aligned_5,2.2,0.08283570967614656
aligned_5,2.4000000000000004,0.07835031487047672
aligned_5,2.6,0.07309930957853794
aligned_5,2.8000000000000003,0.07072543911635881
aligned_5,3.0,0.07134386338293552
aligned_5,3.2,0.07611697353422642
aligned_5,3.4000000000000004,0.08612266741693025
aligned_5,3.6,0.09716302715241915
aligned_5,3.8000000000000003,0.09876813553273678
aligned_5,4.0,0.0983178336173296
aligned_5,4.2,0.09446327202022081
aligned_5,4.4,0.0859388690441848
aligned_5,4.6000000000000005,0.07714422605931764
aligned_5,4.800000000000001,0.07114013098180294
aligned_5,5.0,0.06039476580917835
aligned_5,5.2,0.057142410427331924
aligned_5,5.4,0.05425920151174074
aligned_5,5.6000000000000005,0.05377293378114706
aligned_5,5.800000000000001,0.05456812493503094
aligned_5,6.0,0.056346483528614044
aligned_5,6.2,0.05712881498038774
aligned_5,6.4,0.054438283666968346
aligned_5,6.6000000000000005,0.05376339890062809
aligned_5,6.800000000000001,0.05717925541102886
aligned_5,7.0,0.06192901544272905
aligned_5,7.2,0.0695729199796915
aligned_5,7.4,0.0769959781318903
aligned_5,7.6000000000000005,0.09034839831292629
aligned_5,7.800000000000001,0.10952771268785
aligned_5,8.0,0.11456874944269657
aligned_5,8.200000000000001,0.1130819376558066
aligned_5,8.4,0.1085056010633707
aligned_5,8.6,0.10419625975191593
aligned_5,8.8,0.10050684027373791
aligned_5,9.0,0.09837331809103489
aligned_5,9.200000000000001,0.10455247201025486
aligned_5,9.4,0.10018853284418583
aligned_5,9.600000000000001,0.0941737312823534
aligned_5,9.8,0.09178280271589756
aligned_5,10.0,0.08697912283241749
aligned_5,10.200000000000001,0.07857253029942513
aligned_5,10.4,0.06495166756212717
aligned_5,10.600000000000001,0.054514678195118904
aligned_5,10.8,0.051337705925107
aligned_5,11.0,0.05180536396801472
aligned_5,11.200000000000001,0.05181100592017174
aligned_5,11.4,0.05185355246067053
aligned_5,11.600000000000001,0.05195373669266701
aligned_5,11.8,0.05319858342409134
aligned_5,12.0,0.05485720746219158
aligned_5,12.200000000000001,0.05486013181507593
aligned_5,12.4,0.0553851667791605
aligned_5,12.600000000000001,0.05776440538465977
aligned_5,12.8,0.05934912897646427
aligned_5,13.0,0.06922902353107929
aligned_5,13.200000000000001,0.07417804934084415
aligned_5,13.4,0.0913706030696631
aligned_5,13.600000000000001,0.11126529611647135
aligned_5,13.8,0.13083192147314548
aligned_5,14.0,0.13251533545553684
aligned_5,14.200000000000001,0.12753075547516346
aligned_5,14.4,0.12242572195827961
aligned_5,14.600000000000001,0.11922027729451656
aligned_5,14.8,0.11910243518650537
aligned_5,15.0,0.12046799249947071
aligned_5,15.200000000000001,0.12868530116975313
aligned_5,15.4,0.14151920191943645
aligned_5,15.600000000000001,0.1421621721237898
aligned_5,15.8,0.14203680865466595
aligned_5,16.0,0.13843601010739803
aligned_5,16.2,0.13109016977250576
aligned_5,16.400000000000002,0.12388867326080799
aligned_5,16.6,0.1209402140229941
aligned_5,16.8,0.12176833860576153
aligned_5,17.0,0.12222429178655148
aligned_5,17.2,0.12260065414011484
aligned_5,17.400000000000002,0.12265806831419468
aligned_5,17.6,0.12362360768020153
aligned_5,17.8,0.12558715604245663
aligned_5,18.0,0.12588202022016048
aligned_5,18.2,0.1254760827869177
aligned_5,18.400000000000002,0.12490153126418596
aligned_5,18.6,0.1265049036592245
aligned_5,18.8,0.12977404706180096
aligned_5,19.0,0.15339052490890032
aligned_5,19.200000000000003,0.17739425040781498
aligned_5,19.400000000000002,0.19265462085604668
aligned_5,19.6,0.20318694040179253
aligned_5,19.8,0.20713858865201473
aligned_5,20.0,0.20564980246126652
aligned_5,20.200000000000003,0.19995883479714394
aligned_5,20.400000000000002,0.19416649267077446
aligned_5,20.6,0.19111677818000317
aligned_5,20.8,0.19136427715420723
aligned_5,21.0,0.19242455996572977
aligned_5,21.200000000000003,0.19283253699541092
aligned_5,21.400000000000002,0.19816453382372856
aligned_5,21.6,0.20849103294312954
aligned_5,21.8,0.21593083254992962
aligned_5,22.0,0.21259378641843796
aligned_5,22.200000000000003,0.20337492413818836
aligned_5,22.400000000000002,0.19708180986344814
aligned_5,22.6,0.19509528577327734
aligned_5,22.8,0.19556776247918606
aligned_5,23.0,0.19681213609874249
aligned_5,23.200000000000003,0.1970419455319643
aligned_5,23.400000000000002,0.19717289879918098
aligned_5,23.6,0.19792227819561958
aligned_5,23.8,0.19904619641602045
aligned_5,24.0,0.19887996837496758
aligned_5,24.200000000000003,0.19824915938079363
aligned_5,24.400000000000002,0.19930493086576462
aligned_5,24.6,0.2001745793968439
aligned_5,24.8,0.20280672051012522
aligned_5,25.0,0.21553259529173374
aligned_5,25.200000000000003,0.23784339427947998
aligned_5,25.400000000000002,0.2678605066612363
aligned_5,25.6,0.28032695362344384
aligned_5,25.8,0.28344005602411926
aligned_5,26.0,0.27955367718823254
aligned_5,26.200000000000003,0.2732208385132253
aligned_5,26.400000000000002,0.266997273080051
aligned_5,26.6,0.26607121736742556
aligned_5,26.8,0.2664939877577126
aligned_5,27.0,0.2678456725552678
aligned_5,27.200000000000003,0.27080238703638315
aligned_5,27.400000000000002,0.28255715128034353
aligned_5,27.6,0.2864932478405535
aligned_5,27.8,0.2851156711112708
aligned_5,28.0,0.2782412513624877
aligned_5,28.200000000000003,0.27088683377951384
aligned_5,28.400000000000002,0.2658344537485391
aligned_5,28.6,0.26533972518518567
aligned_5,28.8,0.26559969410300255
aligned_5,29.0,0.26788030099123716
aligned_5,29.200000000000003,0.2807259305845946
aligned_5,29.400000000000002,0.28786056861281395
aligned_5,29.6,0.29176067688968027
aligned_5,29.8,0.2931208217050881
aligned_5,30.0,0.29447913775220513
aligned_5,30.200000000000003,0.2938998641911894
aligned_5,30.400000000000002,0.2963850530795753
aligned_5,30.6,0.3012093948200345
aligned_5,30.8,0.3164192819967866
aligned_5,31.0,0.3339901342988014
aligned_5,31.200000000000003,0.3599593658000231
aligned_5,31.400000000000002,0.37212686985731125
aligned_5,31.6,0.3840035982429981
aligned_5,31.8,0.38469907082617283
aligned_5,32.0,0.37928979471325874
aligned_5,32.2,0.37293011881411076
aligned_5,32.4,0.3664152082055807
aligned_5,32.6,0.3630565572530031
aligned_5,32.800000000000004,0.3630708009004593
aligned_5,33.0,0.36864479444921017
aligned_5,33.2,0.36643100064247847
aligned_5,33.4,0.36395829170942307
aligned_5,33.6,0.3613651292398572
aligned_5,33.800000000000004,0.3567190021276474
aligned_5,34.0,0.34318087715655565
aligned_5,34.2,0.33149189595133066
aligned_5,34.4,0.3254399998113513
aligned_5,34.6,0.3249636935070157
aligned_5,34.800000000000004,0.32517012162134057
aligned_5,35.0,0.32534811459481716
aligned_5,35.2,0.3255870542488992
aligned_5,35.4,0.3263801126740873
aligned_5,35.6,0.3284667003899812
aligned_5,35.800000000000004,0.32906227372586727
aligned_5,36.0,0.32874213717877865
aligned_5,36.2,0.32847400195896626
aligned_5,36.4,0.33047820534557104
aligned_5,36.6,0.33745878748595715
aligned_5,36.800000000000004,0.34754850529134274
aligned_5,37.0,0.3534380942583084
aligned_5,37.2,0.3568735308945179
aligned_5,37.4,0.35806715674698353
aligned_5,37.6,0.3590391557663679
aligned_5,37.800000000000004,0.3578250240534544
aligned_5,38.0,0.3553060293197632
aligned_5,38.2,0.34749446250498295
aligned_5,38.400000000000006,0.34094044007360935
aligned_5,38.6,0.33929555118083954
aligned_5,38.800000000000004,0.34726383443921804
aligned_5,39.0,0.3456632196903229
aligned_5,39.2,0.3404271826148033
aligned_5,39.400000000000006,0.33716884767636657
aligned_5,39.6,0.32988401129841805
aligned_5,39.800000000000004,0.32249464467167854
aligned_5,40.0,0.31031580828130245
aligned_5,40.2,0.2969241141108796
aligned_5,40.400000000000006,0.2869298765435815
aligned_5,40.6,0.28697012970224023
aligned_5,40.800000000000004,0.2871059183962643
aligned_5,41.0,0.28705007303506136
aligned_5,41.2,0.2878060219809413
aligned_5,41.400000000000006,0.289174719247967
aligned_5,41.6,0.2913647321984172
aligned_5,41.800000000000004,0.290935066062957
aligned_5,42.0,0.28994455689098686
aligned_5,42.2,0.2911773361265659
aligned_5,42.400000000000006,0.2953823285643011
aligned_5,42.6,0.3019372168928385
aligned_5,42.800000000000004,0.3068386521190405
aligned_5,43.0,0.31018582731485367
aligned_5,43.2,0.31975321657955647
aligned_5,43.400000000000006,0.337445555254817
aligned_5,43.6,0.34009203035384417
aligned_5,43.800000000000004,0.33760248124599457
aligned_5,44.0,0.3322485154494643
aligned_5,44.2,0.3259668108075857
aligned_5,44.400000000000006,0.32140797562897205
aligned_5,44.6,0.3153611784800887
aligned_5,44.800000000000004,0.30839316500350833
aligned_5,45.0,0.30743825202807784
aligned_5,45.2,0.3106875077355653
aligned_5,45.400000000000006,0.30868028476834297
aligned_5,45.6,0.30483506829477847
aligned_5,45.800000000000004,0.2984852495137602
aligned_5,46.0,0.2826017998158932
aligned_5,46.2,0.27411935990676284
aligned_5,46.400000000000006,0.2721568988636136
aligned_5,46.6,0.2722159926779568
aligned_5,46.800000000000004,0.27234387630596757
aligned_5,47.0,0.2723818803206086
aligned_5,47.2,0.2729348475113511
aligned_5,47.400000000000006,0.2746329102665186
aligned_5,47.6,0.2762325978837908
aligned_5,47.800000000000004,0.2768713861005381
aligned_5,48.0,0.27735697757452726
aligned_5,48.2,0.2794549447717145
aligned_5,48.400000000000006,0.28661085898056626
aligned_5,48.6,0.2973276283591986
aligned_5,48.800000000000004,0.3083169721066952
aligned_5,49.0,0.32785443030297756
aligned_5,49.2,0.34316700138151646
aligned_5,49.400000000000006,0.357683964073658
aligned_5,49.6,0.3579978123307228
aligned_5,49.800000000000004,0.3532738145440817
aligned_5,50.0,0.3481791391968727
aligned_5,50.2,0.34538315795361996
aligned_5,50.400000000000006,0.34563347883522505
aligned_5,50.6,0.34657081961631775
aligned_5,50.800000000000004,0.35377246886491776
aligned_5,51.0,0.37001967057585716
aligned_5,51.2,0.371961385011673
aligned_5,51.400000000000006,0.37152867019176483
aligned_5,51.6,0.3675560746341944
aligned_5,51.800000000000004,0.3604514170438052
aligned_5,52.0,0.35297679528594017
aligned_5,52.2,0.34975786320865154
aligned_5,52.400000000000006,0.3499788176268339
aligned_5,52.6,0.35062506422400475
aligned_5,52.800000000000004,0.3511542547494173
aligned_5,53.0,0.35590362548828125
aligned_5,53.2,0.3649199102073908
aligned_5,53.400000000000006,0.3673140164464712
aligned_5,53.6,0.3677746597677469
aligned_5,53.800000000000004,0.3671790789812803
aligned_5,54.0,0.36769901774823666
aligned_5,54.2,0.37014331854879856
aligned_5,54.400000000000006,0.3765909615904093
aligned_5,54.6,0.3862699810415507
aligned_5,54.800000000000004,0.40663744881749153
aligned_5,55.0,0.4358650464564562
aligned_5,55.2,0.4455317910760641
aligned_5,55.400000000000006,0.45002896897494793
aligned_5,55.6,0.445850295946002
aligned_5,55.800000000000004,0.43979295901954174
aligned_5,56.0,0.43577474541962147
aligned_5,56.2,0.434778792783618
aligned_5,56.400000000000006,0.435119291767478
aligned_5,56.6,0.4385588075965643
aligned_5,56.800000000000004,0.4551392216235399
aligned_5,57.0,0.4595909994095564
aligned_5,57.2,0.4597195517271757
aligned_5,57.400000000000006,0.45730833522975445
aligned_5,57.6,0.45143829099833965
aligned_5,57.800000000000004,0.4432037081569433
aligned_5,58.0,0.43750770948827267
aligned_5,58.2,0.43727084435522556
aligned_5,58.400000000000006,0.4403631631284952
aligned_5,58.6,0.440788296982646
aligned_5,58.800000000000004,0.44098629616200924
aligned_5,59.0,0.4412518795579672
aligned_5,59.2,0.44260632805526257
aligned_5,59.400000000000006,0.4440027680248022
aligned_5,59.6,0.44289944507181644
aligned_5,59.800000000000004,0.4438361171633005
aligned_5,60.0,0.4459808263927698
aligned_5,60.2,0.4467140417546034
aligned_5,60.400000000000006,0.45492355339229107
aligned_5,60.6,0.480500316247344
aligned_5,60.800000000000004,0.49945427291095257
aligned_5,61.0,0.51895204000175
aligned_5,61.2,0.5263845566660166
aligned_5,61.400000000000006,0.5253013428300619
aligned_5,61.6,0.5201573874801397
aligned_5,61.800000000000004,0.5145574565976858
aligned_5,62.0,0.5087683666497469
aligned_5,62.2,0.503668250516057
aligned_5,62.400000000000006,0.5020127613097429
aligned_5,62.6,0.5084617864340544
aligned_5,62.800000000000004,0.5048760417848825
aligned_5,63.0,0.5025645103305578
aligned_5,63.2,0.5017299521714449
aligned_5,63.400000000000006,0.49013720639050007
aligned_5,63.6,0.47942288033664227
aligned_5,63.800000000000004,0.4711418356746435
aligned_5,64.0,0.46696907095611095
aligned_5,64.2,0.4673383627086878
aligned_5,64.4,0.46755977161228657
aligned_5,64.60000000000001,0.4677454698830843
aligned_5,64.8,0.46870857290923595
aligned_5,65.0,0.46973159722983837
aligned_5,65.2,0.4719314109534025
aligned_5,65.4,0.47194132022559643
aligned_5,65.60000000000001,0.47261196561157703
aligned_5,65.8,0.47328789345920086
aligned_5,66.0,0.4769835565239191
aligned_5,66.2,0.4882387835532427
aligned_5,66.4,0.4968402925878763
aligned_5,66.60000000000001,0.5212852079421282
aligned_5,66.8,0.543905096128583
aligned_5,67.0,0.5594198349863291
aligned_5,67.2,0.5638622920960188
aligned_5,67.4,0.5596805457025766
aligned_5,67.60000000000001,0.5528512615710497
aligned_5,67.8,0.5485951919108629
aligned_5,68.0,0.5470113698393106
aligned_5,68.2,0.5470796767622232
aligned_5,68.4,0.5516817886382341
aligned_5,68.60000000000001,0.5624233167618513
aligned_5,68.8,0.5695544872432947
aligned_5,69.0,0.5731645692139864
aligned_5,69.2,0.5711535308510065
aligned_5,69.4,0.5654952395707369
aligned_5,69.60000000000001,0.557891109958291
aligned_5,69.8,0.552057446911931
aligned_5,70.0,0.5504913050681353
aligned_5,70.2,0.5528146345168352
aligned_5,70.4,0.5536704231053591
aligned_5,70.60000000000001,0.5538316909223795
aligned_5,70.8,0.5541710797697306
aligned_5,71.0,0.5553580168634653
aligned_5,71.2,0.556259410455823
aligned_5,71.4,0.555884750559926
aligned_5,71.60000000000001,0.5549947489053011
aligned_5,71.8,0.5555790681391954
aligned_5,72.0,0.5553408432751894
aligned_5,72.2,0.5623855385929346
aligned_5,72.4,0.5827298033982515
aligned_5,72.60000000000001,0.6074875798076391
aligned_5,72.8,0.6250420603901148
aligned_5,73.0,0.6293395552784204
aligned_5,73.2,0.6292371805757284
aligned_5,73.4,0.6229608301073313
aligned_5,73.60000000000001,0.6173467207700014
aligned_5,73.8,0.6144295018166304
aligned_5,74.0,0.6154531519860029
aligned_5,74.2,0.6170619409531355
aligned_5,74.4,0.6179101001471281
aligned_5,74.60000000000001,0.6139742080122232
aligned_5,74.8,0.6085841860622168
aligned_5,75.0,0.6043987814337015
aligned_5,75.2,0.5984338168054819
aligned_5,75.4,0.5903491247445345
aligned_5,75.60000000000001,0.573739068582654
aligned_5,75.8,0.5685799885541201
aligned_5,76.0,0.5686001013964415
aligned_5,76.2,0.5687188450247049
aligned_5,76.4,0.5688322056084871
aligned_5,76.60000000000001,0.5691673588007689
aligned_5,76.80000000000001,0.5702540297061205
aligned_5,77.0,0.5724834445863962
aligned_5,77.2,0.5736172888427973
aligned_5,77.4,0.5723021198064089
aligned_5,77.60000000000001,0.5740940440446138
aligned_5,77.80000000000001,0.5766932684928179
aligned_5,78.0,0.5821786094456911
aligned_5,78.2,0.591212535277009
aligned_5,78.4,0.6103918720036745
aligned_5,78.60000000000001,0.6337160933762789
aligned_5,78.80000000000001,0.6502978783100843
aligned_5,79.0,0.6536727715283632
aligned_5,79.2,0.6507770735770464
aligned_5,79.4,0.6433149073272943
aligned_5,79.60000000000001,0.6380119789391756
aligned_5,79.80000000000001,0.6367571968585253
aligned_5,80.0,0.6400912720710039
aligned_6,0.0,-0.0
aligned_6,0.2,-0.00030481070280075073
aligned_6,0.4,-0.00297633558511734
aligned_6,0.6000000000000001,-0.0058740004897117615
aligned_6,0.8,-0.005493301898241043
aligned_6,1.0,-0.0013080202043056488
aligned_6,1.2000000000000002,0.003784164786338806
aligned_6,1.4000000000000001,0.008946038782596588
aligned_6,1.6,0.019730892032384872
aligned_6,1.8,0.028856031596660614
aligned_6,2.0,0.03470490500330925
aligned_6,2.2,0.03300930932164192
aligned_6,2.4000000000000004,0.0315153393894434
aligned_6,2.6,0.028041571378707886
aligned_6,2.8000000000000003,0.008762750774621964
aligned_6,3.0,-0.0011155270040035248
aligned_6,3.2,0.0012234188616275787
aligned_6,3.4000000000000004,0.005100712180137634
aligned_6,3.6,0.007344692945480347
aligned_6,3.8000000000000003,0.010423276573419571
aligned_6,4.0,0.01071086898446083
aligned_6,4.2,0.006961602717638016
aligned_6,4.4,-0.00037810951471328735
aligned_6,4.6000000000000005,-0.007466707378625814
aligned_6,4.800000000000001,-0.01324942335486412
aligned_6,5.0,-0.008848343044519424
aligned_6,5.2,-0.002848893404006958
aligned_6,5.4,0.0003284439444541931
aligned_6,5.6000000000000005,0.001818973571062088
aligned_6,5.800000000000001,0.004330173134803772
aligned_6,6.0,0.006075181066989899
aligned_6,6.2,0.005360700190067347
aligned_6,6.4,0.0048342645168305
aligned_6,6.6000000000000005,0.004679452627897263
aligned_6,6.800000000000001,0.00872008502483368
aligned_6,7.0,0.017192196100950297
aligned_6,7.2,0.028290275484323557
aligned_6,7.4,0.041847655549645424
aligned_6,7.6000000000000005,0.05193638429045677
aligned_6,7.800000000000001,0.06332335062325001
aligned_6,8.0,0.06483238749206066
aligned_6,8.200000000000001,0.06243247911334038
aligned_6,8.4,0.05857771262526512
aligned_6,8.6,0.05267727002501488
aligned_6,8.8,0.04383972287178045
aligned_6,9.0,0.02502819150686264
aligned_6,9.200000000000001,0.022435791790485382
aligned_6,9.4,0.022413183003664017
aligned_6,9.600000000000001,0.022520247846841812
aligned_6,9.8,0.022514693439006805
aligned_6,10.0,0.019918568432331085
aligned_6,10.200000000000001,0.013608217239379883
aligned_6,10.4,0.0004877522587776184
aligned_6,10.600000000000001,-0.008049238473176956
aligned_6,10.8,-0.00902881845831871
aligned_6,11.0,-0.010742828249931335
aligned_6,11.200000000000001,-0.01312272995710373
aligned_6,11.4,-0.009858932346105576
aligned_6,11.600000000000001,-0.0037846453487873077
aligned_6,11.8,0.004767302423715591
aligned_6,12.0,0.005792155861854553
aligned_6,12.200000000000001,0.0028730742633342743
aligned_6,12.4,0.0023237578570842743
aligned_6,12.600000000000001,0.003629069775342997
aligned_6,12.8,0.009138133376836777
aligned_6,13.0,0.01934967190027237
aligned_6,13.200000000000001,0.02781578153371811
aligned_6,13.4,0.03902828320860863
aligned_6,13.600000000000001,0.0545651875436306
aligned_6,13.8,0.060144372284412384
aligned_6,14.0,0.0592737402766943
aligned_6,14.200000000000001,0.056313565000891685
aligned_6,14.4,0.05077160708606243
aligned_6,14.600000000000001,0.03500283882021904
aligned_6,14.8,0.022258222103118896
aligned_6,15.0,0.020824290812015533
aligned_6,15.200000000000001,0.023940108716487885
aligned_6,15.4,0.02774341031908989
aligned_6,15.600000000000001,0.032260291278362274
aligned_6,15.8,0.0392955020070076
aligned_6,16.0,0.03647716343402868
aligned_6,16.2,0.028979245573282186
aligned_6,16.400000000000002,0.020176459103822764
aligned_6,16.6,0.014533281326293945
aligned_6,16.8,0.010198269039392471
aligned_6,17.0,0.012908097356557846
aligned_6,17.2,0.015599559992551804
aligned_6,17.400000000000002,0.017847847193479538
aligned_6,17.6,0.021136902272701263
aligned_6,17.8,0.02889352664351469
aligned_6,18.0,0.029481008648872375
aligned_6,18.2,0.026556313037872314
aligned_6,18.400000000000002,0.025991927832365036
aligned_6,18.6,0.027721758931875284
aligned_6,18.8,0.03777937218546873
aligned_6,19.0,0.05021507851779461
aligned_6,19.200000000000003,0.062225084751844406
aligned_6,19.400000000000002,0.07664061710238457
aligned_6,19.6,0.08826002106070518
aligned_6,19.8,0.0919267050921917
aligned_6,20.0,0.09058131277561188
aligned_6,20.200000000000003,0.08715085312724113
aligned_6,20.400000000000002,0.08095256052911282
aligned_6,20.6,0.0707000270485878
aligned_6,20.8,0.05587269552052021
aligned_6,21.0,0.05398014560341835
aligned_6,21.200000000000003,0.056950658559799194
aligned_6,21.400000000000002,0.059284524992108345
aligned_6,21.6,0.06264339201152325
aligned_6,21.8,0.06255808845162397
aligned_6,22.0,0.058252064511179924
aligned_6,22.200000000000003,0.051575690507888794
aligned_6,22.400000000000002,0.04462611675262451
aligned_6,22.6,0.03956371545791626
aligned_6,22.8,0.04272528365254402
aligned_6,23.0,0.0428696945309639
aligned_6,23.200000000000003,0.04277582466602331
aligned_6,23.400000000000002,0.04322624206542969
aligned_6,23.6,0.043718356639146805
aligned_6,23.8,0.04480016604065895
aligned_6,24.0,0.04346565529704094
aligned_6,24.200000000000003,0.04082104004919529
aligned_6,24.400000000000002,0.04090330749750143
aligned_6,24.6,0.04426516406238079
aligned_6,24.8,0.049387551844120026
aligned_6,25.0,0.06145476549863815
aligned_6,25.200000000000003,0.07395531609654427
aligned_6,25.400000000000002,0.08968133293092251
aligned_6,25.6,0.09997978713363409
aligned_6,25.8,0.102631950750947
aligned_6,26.0,0.09987311158329248
aligned_6,26.200000000000003,0.09659574087709188
aligned_6,26.400000000000002,0.08564060740172869
aligned_6,26.6,0.0693832952529192
aligned_6,26.8,0.06450138613581657
aligned_6,27.0,0.06642033532261848
aligned_6,27.200000000000003,0.07021396234631538
aligned_6,27.400000000000002,0.07315108180046082
aligned_6,27.6,0.076090969145298
aligned_6,27.8,0.07486998103559023
aligned_6,28.0,0.06982740014791494
aligned_6,28.200000000000003,0.06289785541594028
aligned_6,28.400000000000002,0.05221450328826904
aligned_6,28.6,0.0499734953045845
aligned_6,28.8,0.05004718899726868
aligned_6,29.0,0.04993600025773054
aligned_6,29.200000000000003,0.04973458498716349
aligned_6,29.400000000000002,0.04991406947374344
aligned_6,29.6,0.05073411576449871
aligned_6,29.8,0.05146460048854351
aligned_6,30.0,0.049894094467163086
aligned_6,30.200000000000003,0.04982337914407253
aligned_6,30.400000000000002,0.05142521299421787
aligned_6,30.6,0.05561893433332443
aligned_6,30.8,0.06332661956548691
aligned_6,31.0,0.07774588651955128
aligned_6,31.200000000000003,0.08854052238166332
aligned_6,31.400000000000002,0.09775322861969471
aligned_6,31.6,0.10581791680306196
aligned_6,31.8,0.10512570384889841
aligned_6,32.0,0.1023916844278574
aligned_6,32.2,0.09891854785382748
aligned_6,32.4,0.08697431348264217
aligned_6,32.6,0.06885693594813352
aligned_6,32.800000000000004,0.06954799592494965
aligned_6,33.0,0.07298823818564415
aligned_6,33.2,0.07643929123878479
aligned_6,33.4,0.07902388647198677
aligned_6,33.6,0.07962937280535698
aligned_6,33.800000000000004,0.07678664289414883
aligned_6,34.0,0.06934538297355175
aligned_6,34.2,0.06275845319032669
aligned_6,34.4,0.057195138186216354
aligned_6,34.6,0.05368206836283207
aligned_6,34.800000000000004,0.054620588198304176
aligned_6,35.0,0.056060418486595154
aligned_6,35.2,0.057773321866989136
aligned_6,35.4,0.05882943980395794
aligned_6,35.6,0.0659063495695591
aligned_6,35.800000000000004,0.06566508859395981
aligned_6,36.0,0.06416782736778259
aligned_6,36.2,0.06371160596609116
aligned_6,36.4,0.06695826910436153
aligned_6,36.6,0.07297715544700623
aligned_6,36.800000000000004,0.08342021889984608
aligned_6,37.0,0.09846702683717012
aligned_6,37.2,0.10691752843558788
aligned_6,37.4,0.11921920068562031
aligned_6,37.6,0.12542309146374464
aligned_6,37.800000000000004,0.12473318353295326
aligned_6,38.0,0.12016687821596861
aligned_6,38.2,0.11329143401235342
aligned_6,38.400000000000006,0.08970909379422665
aligned_6,38.6,0.08498906902968884
aligned_6,38.800000000000004,0.08475864678621292
aligned_6,39.0,0.08506391569972038
aligned_6,39.2,0.08570526167750359
aligned_6,39.400000000000006,0.08530981466174126
aligned_6,39.6,0.08427121117711062
aligned_6,39.800000000000004,0.07934807799756527
aligned_6,40.0,0.06581049226224422
aligned_6,40.2,0.052542248740792274
aligned_6,40.400000000000006,0.04725838825106621
aligned_6,40.6,0.044429607689380646
aligned_6,40.800000000000004,0.04318728297948843
aligned_6,41.0,0.04322944022715092
aligned_6,41.2,0.04334290325641632
aligned_6,41.400000000000006,0.04424615204334259
aligned_6,41.6,0.044797696173191126
aligned_6,41.800000000000004,0.04354875534772873
aligned_6,42.0,0.04250234924256807
aligned_6,42.2,0.04201125726103783
aligned_6,42.400000000000006,0.04550201445817953
aligned_6,42.6,0.05164476484060293
aligned_6,42.800000000000004,0.0634377971291542
aligned_6,43.0,0.07584873028099537
aligned_6,43.2,0.08665156364440918
aligned_6,43.400000000000006,0.0947841303423047
aligned_6,43.6,0.09508823230862617
aligned_6,43.800000000000004,0.09232207853347063
aligned_6,44.0,0.08941840380430222
aligned_6,44.2,0.07785806804895401
aligned_6,44.400000000000006,0.06176098249852657
aligned_6,44.6,0.05751262977719307
aligned_6,44.800000000000004,0.057283274829387665
aligned_6,45.0,0.057182127609848976
aligned_6,45.2,0.057568106800317764
aligned_6,45.400000000000006,0.05733491852879524
aligned_6,45.6,0.05431053787469864
aligned_6,45.800000000000004,0.04845772497355938
aligned_6,46.0,0.033236756920814514
aligned_6,46.2,0.02632094919681549
aligned_6,46.400000000000006,0.013677980750799179
aligned_6,46.6,0.016654346138238907
aligned_6,46.800000000000004,0.019993815571069717
aligned_6,47.0,0.023653734475374222
aligned_6,47.2,0.03534655272960663
aligned_6,47.400000000000006,0.03857782855629921
aligned_6,47.6,0.039036598056554794
aligned_6,47.800000000000004,0.03614106774330139
aligned_6,48.0,0.0360438190400601
aligned_6,48.2,0.03732394427061081
aligned_6,48.400000000000006,0.043560946360230446
aligned_6,48.6,0.05307748541235924
aligned_6,48.800000000000004,0.06303239613771439
aligned_6,49.0,0.07839009538292885
aligned_6,49.2,0.09109121188521385
aligned_6,49.400000000000006,0.0974969556555152
aligned_6,49.6,0.09580171760171652
aligned_6,49.800000000000004,0.09130079578608274
aligned_6,50.0,0.08170594274997711
aligned_6,50.2,0.06319096125662327
aligned_6,50.400000000000006,0.054070368409156855
aligned_6,50.6,0.054675497114658356
aligned_6,50.800000000000004,0.0576848816126585
aligned_6,51.0,0.060948025435209274
aligned_6,51.2,0.06744969077408314
aligned_6,51.400000000000006,0.07239946536719805
aligned_6,51.6,0.06726112216711044
aligned_6,51.800000000000004,0.0587477870285511
aligned_6,52.0,0.05181869864463812
aligned_6,52.2,0.04784950986504555
aligned_6,52.400000000000006,0.045303516089916174
aligned_6,52.6,0.04838135838508606
aligned_6,52.800000000000004,0.051806285977363586
aligned_6,53.0,0.054236263036727905
aligned_6,53.2,0.05716344341635704
aligned_6,53.400000000000006,0.05784287117421627
aligned_6,53.6,0.05717518553137779
aligned_6,53.800000000000004,0.056882113218307495
aligned_6,54.0,0.05751882866024971
aligned_6,54.2,0.06079358421266079
aligned_6,54.400000000000006,0.07484417967498302
aligned_6,54.6,0.08720741793513298
aligned_6,54.800000000000004,0.099705271422863
aligned_6,55.0,0.11387184076011181
aligned_6,55.2,0.12475757766515017
aligned_6,55.400000000000006,0.1288420050404966
aligned_6,55.6,0.12565148482099175
aligned_6,55.800000000000004,0.12126929592341185
aligned_6,56.0,0.11420366261154413
aligned_6,56.2,0.09881305135786533
aligned_6,56.400000000000006,0.09309207648038864
aligned_6,56.6,0.09559164196252823
aligned_6,56.800000000000004,0.09974250942468643
aligned_6,57.0,0.10354222171008587
aligned_6,57.2,0.11097691208124161
aligned_6,57.400000000000006,0.11276397481560707
aligned_6,57.6,0.10675031132996082
aligned_6,57.800000000000004,0.09826086834073067
aligned_6,58.0,0.0910129975527525
aligned_6,58.2,0.08930004760622978
aligned_6,58.400000000000006,0.08934181556105614
aligned_6,58.6,0.08946282602846622
aligned_6,58.800000000000004,0.09148112684488297
aligned_6,59.0,0.0920385830104351
aligned_6,59.2,0.09286585636436939
aligned_6,59.400000000000006,0.0939745269715786
aligned_6,59.6,0.09258663840591908
aligned_6,59.800000000000004,0.09069265704602003
aligned_6,60.0,0.09108610264956951
aligned_6,60.2,0.09489515423774714
aligned_6,60.400000000000006,0.10623147059231997
aligned_6,60.6,0.11857903841882944
aligned_6,60.800000000000004,0.13332345383241773
aligned_6,61.0,0.14629475492984056
aligned_6,61.2,0.15451020933687687
aligned_6,61.400000000000006,0.15373696945607662
aligned_6,61.6,0.15090508060529828
aligned_6,61.800000000000004,0.14653872279450297
aligned_6,62.0,0.13145603146404028
aligned_6,62.2,0.11215010099112988
aligned_6,62.400000000000006,0.10713876225054264
aligned_6,62.6,0.1042010523378849
aligned_6,62.800000000000004,0.10691166669130325
aligned_6,63.0,0.11077585257589817
aligned_6,63.2,0.11226492375135422
aligned_6,63.400000000000006,0.10986758768558502
aligned_6,63.6,0.10292279720306396
aligned_6,63.800000000000004,0.09490017592906952
aligned_6,64.0,0.08989831246435642
aligned_6,64.2,0.08923295140266418
aligned_6,64.4,0.09287869930267334
aligned_6,64.60000000000001,0.0960192084312439
aligned_6,64.8,0.09938391298055649
aligned_6,65.0,0.10146631114184856
aligned_6,65.2,0.10338528454303741
aligned_6,65.4,0.10384371504187584
aligned_6,65.60000000000001,0.1031113127246499
aligned_6,65.8,0.10255881678313017
aligned_6,66.0,0.10455061122775078
aligned_6,66.2,0.11235263850539923
aligned_6,66.4,0.13341035787016153
aligned_6,66.60000000000001,0.14524007216095924
aligned_6,66.8,0.15538281993940473
aligned_6,67.0,0.17016247333958745
aligned_6,67.2,0.17716732388362288
aligned_6,67.4,0.17623923858627677
aligned_6,67.60000000000001,0.17156833037734032
aligned_6,67.8,0.16236901935189962
aligned_6,68.0,0.15141904540359974
aligned_6,68.2,0.1373880272731185
aligned_6,68.4,0.12959377747029066
aligned_6,68.60000000000001,0.12858254462480545
aligned_6,68.8,0.12846724689006805
aligned_6,69.0,0.12833410408347845
aligned_6,69.2,0.12775966618210077
aligned_6,69.4,0.12408825289458036
aligned_6,69.60000000000001,0.11696455907076597
aligned_6,69.8,0.10185403749346733
aligned_6,70.0,0.09674896486103535
aligned_6,70.2,0.08958890289068222
aligned_6,70.4,0.08767648227512836
aligned_6,70.60000000000001,0.09134657680988317
aligned_6,70.8,0.09384079836308956
aligned_6,71.0,0.0979798473417759
aligned_6,71.2,0.10522183030843735
aligned_6,71.4,0.10527866892516613
aligned_6,71.60000000000001,0.1035733362659812
aligned_6,71.8,0.10311386827379465
aligned_6,72.0,0.10603220574557781
aligned_6,72.2,0.11282594129443169
aligned_6,72.4,0.12231602240353823
aligned_6,72.60000000000001,0.1385125545784831
aligned_6,72.8,0.1502401288598776
aligned_6,73.0,0.15964689943939447
aligned_6,73.2,0.16330407885834575
aligned_6,73.4,0.1611385124269873
aligned_6,73.60000000000001,0.1578457591822371
aligned_6,73.8,0.1511221369728446
aligned_6,74.0,0.1325273672118783
aligned_6,74.2,0.1284739775583148
aligned_6,74.4,0.13207211252301937
aligned_6,74.60000000000001,0.13589333649724722
aligned_6,74.8,0.13915447983890772
aligned_6,75.0,0.14823735412210226
aligned_6,75.2,0.14876484218984842
aligned_6,75.4,0.14326345082372427
aligned_6,75.60000000000001,0.13506271969527006
aligned_6,75.8,0.12758868001401424
aligned_6,76.0,0.12535405904054642
aligned_6,76.2,0.1265193112194538
aligned_6,76.4,0.1268570115789771
aligned_6,76.60000000000001,0.12681341730058193
aligned_6,76.80000000000001,0.12694365438073874
aligned_6,77.0,0.12759840860962868
aligned_6,77.2,0.12845413386821747
aligned_6,77.4,0.12687178468331695
aligned_6,77.60000000000001,0.12578204181045294
aligned_6,77.80000000000001,0.1249254415743053
aligned_6,78.0,0.12841253029182553
aligned_6,78.2,0.13348366413265467
aligned_6,78.4,0.1470143822953105
aligned_6,78.60000000000001,0.16016709338873625
aligned_6,78.80000000000001,0.17348275240510702
aligned_6,79.0,0.1809822334907949
aligned_6,79.2,0.18134473636746407
aligned_6,79.4,0.17903087055310607
aligned_6,79.60000000000001,0.17416720651090145
aligned_6,79.80000000000001,0.16015083622187376
aligned_6,80.0,0.1459760833531618
